Date,Unnamed: 0,label_1.0_PREDICTION,label_0.0_PREDICTION,label_PREDICTION,THRESHOLD,POSITIVE_CLASS,DEPLOYMENT_APPROVAL_STATUS,Unnamed: 0.1,RAY,QQQ,T10Y3M,CL1,HG1,GC1,XAG,VNQ,EURtoUSD,EEM,VIX
1/2/18,0,0.427414241,0.572585759,0,0.55,1,APPROVED,0,0.633534581,1.27091607,0.038974943,-0.008095546,-0.407506484,0.420502346,0.72060027,-0.214216375,0.784754149,0.99818118,-1.013827051
1/3/18,1,0.411858839,0.588141161,0,0.55,1,APPROVED,1,0.437501385,0.683654438,0.038751996,0.373725791,-0.375776159,0.124757644,-0.181017723,-0.170626906,-0.635014405,0.496078394,-1.081500917
1/4/18,2,0.42366068,0.57633932,0,0.55,1,APPROVED,2,0.259801565,0.084605394,0.060832372,0.114962561,0.071575951,0.171057038,0.245553719,-0.920399904,0.769597178,0.246293959,-1.073860319
1/5/18,3,0.375343905,0.624656095,0,0.55,1,APPROVED,3,0.484633676,0.708192293,0.081857137,-0.155281066,-0.601801009,0.011208244,-0.042362117,0.007183137,-0.562336002,0.444345778,-1.073860319
1/8/18,4,0.434497993,0.565502008,0,0.55,1,APPROVED,4,0.115276936,0.245599763,-0.068832144,0.089522106,-0.119450803,-0.161370186,-0.279922633,0.252588887,-0.897378076,-0.020846342,-1.0411149
1/9/18,5,0.524232136,0.475767864,1,0.55,1,APPROVED,5,0.04524871,-0.042328502,0.170826445,0.35708291,-0.163291397,-0.480570935,-0.494943215,-0.693297281,-0.436024832,-0.108696878,-0.979990118
1/10/18,6,0.461936773,0.538063227,1,0.55,1,APPROVED,6,-0.129596012,-0.222720621,0.057618103,0.176952261,0.31800251,0.338814226,-0.012322596,-0.604470972,0.161449124,-0.361822389,-1.008369481
1/11/18,7,0.372685969,0.627314031,0,0.55,1,APPROVED,7,0.632600609,0.467671683,-0.024416877,0.070130993,-0.067046867,0.1775837,0.008272232,-0.196394529,1.226070095,0.311229222,-1.001820397
1/12/18,8,0.420949204,0.579050796,0,0.55,1,APPROVED,8,0.458517473,0.50561618,0.036926244,0.144368998,-0.276146258,0.787551392,0.62283858,-0.441387658,2.463144254,0.496222758,-0.971258006
1/16/18,9,0.395367289,0.604632711,0,0.55,1,APPROVED,9,-0.399065886,-0.261798756,-0.045286944,-0.14952055,-0.006024524,0.109355773,-0.066189117,0.081219536,0.82922721,-0.227889968,-0.807530911
1/17/18,10,0.428197802,0.571802199,0,0.55,1,APPROVED,10,0.710116311,0.764459633,0.100520488,0.072732242,-0.557128736,0.102554582,-0.581944012,0.346875848,-1.051029959,0.690189474,-0.780243062
1/18/18,11,0.373625241,0.626374759,0,0.55,1,APPROVED,11,-0.200537401,-0.033348268,0.09753691,0.000964734,0.153100096,-0.821625247,-0.153379487,-0.691870654,0.744508826,0.043933978,-0.746406129
1/19/18,12,0.297271823,0.702728177,0,0.55,1,APPROVED,12,0.412790883,0.188839587,0.075126598,-0.153125856,-0.226009257,0.354845636,0.165915013,0.262151482,-0.226987142,0.421288298,-0.850099956
1/22/18,13,0.391877366,0.608122634,0,0.55,1,APPROVED,13,0.597686428,0.757662892,0.054514324,0.039787441,0.170854052,-0.114268188,-0.034367001,0.460164607,0.571211838,0.289341026,-0.876296291
1/23/18,14,0.421261118,0.578738882,0,0.55,1,APPROVED,14,0.16153094,0.574717882,-0.040244212,0.278075428,-1.564405876,0.280991638,0.074238426,0.706248125,0.52671418,0.234392971,-0.868655693
1/24/18,15,0.503320304,0.496679696,1,0.55,1,APPROVED,15,-0.1377263,-0.534890733,0.074136813,0.317617024,2.103855359,1.251504051,1.447721561,-0.291666712,1.545344079,0.434304144,-0.828269676
1/25/18,16,0.475365005,0.524634996,1,0.55,1,APPROVED,16,0.006179307,-0.073742776,-0.002591814,-0.020353502,-0.232882299,0.39176768,-0.750893962,-0.110141434,-0.167684954,-0.052335375,-0.816263023
1/26/18,17,0.442129421,0.557870579,0,0.55,1,APPROVED,17,0.827183576,1.105364306,0.092161536,0.175688156,-0.329976704,-0.730683273,0.288646984,-0.201940017,0.436677308,0.724829326,-0.870838721
1/29/18,18,0.381457411,0.618542589,0,0.55,1,APPROVED,18,-0.578212818,-0.412065925,0.034608756,-0.147841511,-0.111561724,-0.801142057,-0.713702333,-0.721503485,-0.616184394,-0.839230672,-0.569580866
1/30/18,19,0.354123264,0.645876736,0,0.55,1,APPROVED,19,-0.892844671,-0.665810324,0.070920012,-0.278039342,-0.111699539,-0.356103404,-0.096844091,-0.398169057,0.268252965,-0.757166229,-0.465887039
1/31/18,20,0.505045711,0.494954289,1,0.55,1,APPROVED,20,-0.03591745,0.265041702,-0.037179482,0.069213036,0.091281257,0.201303756,0.570399447,0.920263919,0.169479807,0.448387348,-0.602326285
2/1/18,21,0.542525579,0.457474421,1,0.55,1,APPROVED,21,-0.047568305,-0.686122248,0.089148554,0.297338218,0.214433914,0.312084219,-0.333686487,-1.145286989,1.348537861,-0.75034536,-0.609966882
2/2/18,22,0.377511819,0.622488181,0,0.55,1,APPROVED,22,-1.71572371,-1.546655972,0.122240369,-0.087131677,-0.400902713,-0.727248957,-1.899021613,-0.463065272,-0.653882369,-1.403386288,-0.190825519
2/5/18,23,0.423307903,0.576692097,0,0.55,1,APPROVED,23,-3.237485275,-3.011474597,-0.152647696,-0.343042112,0.568447891,-0.081332863,0.412482937,-1.573806775,-1.341525953,-1.91271344,1.993293933
2/6/18,24,0.399987303,0.600012697,0,0.55,1,APPROVED,24,1.259474283,1.945522134,0.034462928,-0.202002447,-0.583110818,-0.489528645,-0.297801504,-0.01166419,0.141773634,1.734591294,1.19212268
2/7/18,25,0.405551704,0.594448296,0,0.55,1,APPROVED,25,-0.366380629,-1.019790984,0.052404406,-0.437677018,-1.816271502,-0.994834993,-0.842234411,-0.242599761,-1.590218637,-1.72096632,0.946532037
2/8/18,26,0.29844003,0.70155997,0,0.55,1,APPROVED,26,-2.97676431,-3.21961057,0.034039008,-0.17579138,-0.123862606,0.319340694,0.126939778,-1.522673529,-0.240714155,-1.890273436,1.571969541
2/9/18,27,0.527291124,0.472708876,1,0.55,1,APPROVED,27,1.090662349,1.251554708,-0.019100942,-0.554661814,-0.909897971,-0.288501343,-0.195056879,1.29105185,0.07200552,0.841144974,1.091703395
2/12/18,28,0.429633051,0.570366949,0,0.55,1,APPROVED,28,1.040130927,1.287313026,-0.055540499,0.033217469,0.960574752,0.706560294,0.529927056,0.002514947,0.569815278,0.827589316,0.715131075
2/13/18,29,0.484153483,0.515846517,1,0.55,1,APPROVED,29,0.191407201,0.341140663,0.016234386,-0.023212339,1.363405132,0.223186197,0.082474662,0.348275323,0.851517375,0.391082302,0.645274181
2/14/18,30,0.518192293,0.481807707,1,0.55,1,APPROVED,30,1.101794265,1.360905638,0.182937343,0.425640407,1.28554863,1.775237239,0.812491314,-0.397062065,1.397628884,1.330488952,0.022019705
2/15/18,31,0.41779138,0.58220862,0,0.55,1,APPROVED,31,0.919893224,1.348895739,-0.00103476,0.221339702,0.141831776,-0.255393733,0.002570985,0.489542523,0.770671243,1.086981377,0.007830024
2/16/18,32,0.423490976,0.576509024,0,0.55,1,APPROVED,32,0.018519372,-0.382749948,-0.105565419,0.104000839,0.028539972,0.036121397,-0.686550285,0.267949106,-1.392650666,-0.19453233,0.043849985
2/20/18,33,0.368363072,0.631636928,0,0.55,1,APPROVED,33,-0.509739548,0.103464281,-0.038888726,0.069228958,-1.029188096,-1.61764693,-0.606019065,-0.637433415,-0.968413839,-0.761395853,0.168282577
2/21/18,34,0.415085818,0.584914182,0,0.55,1,APPROVED,34,-0.416606573,-0.260758913,0.166843979,-0.056073517,0.426657491,0.043977495,0.155363302,-1.052902664,-0.747819469,-0.065014341,0.104974767
2/22/18,35,0.461182242,0.538817758,1,0.55,1,APPROVED,35,0.006937905,-0.056078234,-0.001433278,0.317427188,0.423087946,0.004316415,0.276957447,0.577065671,0.653454604,0.012306798,-0.036922049
2/23/18,36,0.409054706,0.590945294,0,0.55,1,APPROVED,36,1.208735504,1.490629076,-0.072788727,0.225124638,-0.527442489,-0.193560056,-0.255073861,0.818746249,-0.493832792,0.940004275,-0.280329664
2/26/18,37,0.325156155,0.674843845,0,0.55,1,APPROVED,37,0.8323474,0.950108086,-0.057855818,0.106146809,-0.286524975,0.129906957,0.360541865,0.128020717,0.31268948,0.478300009,-0.355644128
2/27/18,38,0.381974114,0.618025886,0,0.55,1,APPROVED,38,-1.067616187,-0.978016693,0.092794262,-0.241331633,-0.72814807,-0.833242953,-0.719427916,-1.237612868,-1.18765111,-1.590570665,-0.051111731
2/28/18,39,0.369752841,0.630247159,0,0.55,1,APPROVED,39,-0.924835854,-0.529492089,-0.020810716,-0.376124926,-0.915461722,-0.081860318,-0.063929135,-0.054320627,-0.5547396,-0.796007405,0.086419029
3/1/18,40,0.310407869,0.689592131,0,0.55,1,APPROVED,40,-0.987045631,-1.274581011,-0.059070411,-0.179089606,-0.168531226,-0.88094623,0.131106124,0.031291359,1.044144985,-0.121962729,0.372395689
3/2/18,41,0.352308063,0.647691937,0,0.55,1,APPROVED,41,0.487220643,0.643332963,0.074627512,0.081479528,0.003733654,1.188428531,0.148827872,-0.040051807,0.711185285,0.204278673,0.058039666
3/5/18,42,0.464677067,0.535322933,1,0.55,1,APPROVED,42,0.838938585,0.786538589,-0.040710977,0.385686533,0.058211724,-0.267364082,-0.312818333,0.573331712,0.269685794,0.057619992,-0.035830535
3/6/18,43,0.477951958,0.522048042,1,0.55,1,APPROVED,43,0.265633805,0.271139221,0.055163136,0.01490301,0.547803938,0.981986071,0.991549166,0.228181564,0.961500119,0.482847526,-0.076216552
3/7/18,44,0.442678012,0.557321988,0,0.55,1,APPROVED,44,0.005346155,0.127037099,0.035374355,-0.401118125,-0.43649719,-0.534788129,-0.800452684,0.304238619,0.099204301,0.034601972,-0.14170739
3/8/18,45,0.433715812,0.566284188,0,0.55,1,APPROVED,45,0.26195276,0.36699029,-0.02172919,-0.2899245,-1.027404917,-0.425274417,-0.039231964,0.079008796,-1.389275528,-0.009768065,-0.274872094
3/9/18,46,0.484040115,0.515959885,1,0.55,1,APPROVED,46,1.318878459,1.413839116,0.093437623,0.568427022,1.035403451,0.117439901,0.256318196,0.266843378,-0.069916583,1.131057955,-0.482259748
3/12/18,47,0.365521843,0.634478157,0,0.55,1,APPROVED,47,-0.083549818,0.352536054,-0.114477599,-0.18640214,-0.240440925,-0.247374412,-0.187309019,0.2098882,0.383187419,0.109287229,-0.357827156
3/13/18,48,0.388286765,0.611713236,0,0.55,1,APPROVED,48,-0.531829047,-1.070637065,-0.082765455,-0.17993634,0.248667789,0.383312866,0.143882849,0.029606686,0.792103085,-0.507672981,-0.29561086
3/14/18,49,0.342417584,0.657582416,0,0.55,1,APPROVED,49,-0.475125227,-0.06009108,-0.107916766,0.078927062,0.355712312,-0.134463379,-0.156582365,0.029562215,-0.308585197,0.06648868,-0.19955763
3/15/18,50,0.494904242,0.505095758,1,0.55,1,APPROVED,50,-0.14557369,-0.112650004,0.016234386,0.072856799,-0.543731537,-0.551645946,-0.445256243,-0.032429137,-0.88684852,-0.21703256,-0.269414524
3/16/18,51,0.404506276,0.595493725,0,0.55,1,APPROVED,51,0.154561395,-0.27051522,0.059982887,0.337171506,-0.349421749,-0.401537321,-0.231746989,0.346231599,-0.211583846,-0.141175481,-0.355644128
3/19/18,52,0.402898703,0.597101297,0,0.55,1,APPROVED,52,-1.118336206,-1.770429754,-0.026696387,-0.072568006,-0.45147736,0.332526055,-0.060173382,-0.46991473,0.638956019,-0.601909973,-0.00417663
3/20/18,53,0.500136394,0.499863606,1,0.55,1,APPROVED,53,0.082295388,0.200532672,0.081857137,0.386407763,-0.830931882,-0.428174714,-0.398904216,-0.19797471,-1.313071061,0.577626406,-0.093680775
3/21/18,54,0.42224953,0.57775047,0,0.55,1,APPROVED,54,-0.103064998,-0.374359183,0.165100813,0.497722111,0.404666301,0.606899391,1.104207256,-0.406200202,1.367472771,0.297029539,-0.13079225
3/22/18,55,0.411969871,0.588030129,0,0.55,1,APPROVED,55,-2.026112698,-1.902855186,-0.063654182,-0.228440469,-0.697919609,0.356528328,-0.563726927,-0.325427675,-0.507636853,-1.818856773,0.467357405
3/23/18,56,0.362385212,0.637614788,0,0.55,1,APPROVED,56,-1.697440009,-2.028339123,-0.04584119,0.438850477,-0.537787886,1.452243856,0.512286316,-0.951394851,0.723330508,-1.114299616,0.634359042
3/26/18,57,0.378772403,0.621227597,0,0.55,1,APPROVED,57,2.07508731,2.747034107,-0.026298879,-0.081676064,-0.476471735,0.296277438,0.385375119,0.067019873,1.284654466,1.728051912,0.215217678
3/27/18,58,0.355805404,0.644194596,0,0.55,1,APPROVED,58,-1.435469433,-2.480142843,-0.092105063,-0.074066529,0.566273731,-0.87722121,-0.548370737,0.180937174,-0.573327935,-1.001574803,0.375670231
3/28/18,59,0.436189766,0.563810234,0,0.55,1,APPROVED,59,-0.25271414,-0.911925056,0.084456058,-0.22815246,0.174175271,-1.199261754,-0.717748468,1.295115041,-1.333968986,-0.293269873,0.416056248
3/29/18,60,0.397667734,0.602332266,0,0.55,1,APPROVED,60,1.050321758,1.330153118,-0.050019354,0.159525884,0.417399611,-0.128053443,0.222638196,-0.081011829,-0.112417328,1.108603813,0.099517197
4/2/18,61,0.354087779,0.645912221,0,0.55,1,APPROVED,61,-1.846068208,-2.216332211,-0.097468402,-0.516494227,0.432591831,1.245122992,0.63164371,-0.726124223,0.029193571,-0.993040888,0.497919796
4/3/18,62,0.309445256,0.690554744,0,0.55,1,APPROVED,62,0.969494641,0.799192522,0.207634078,0.146097981,0.225785732,-0.643379191,-0.553931397,0.424284683,-0.452460269,0.514000076,0.222858276
4/4/18,63,0.493555402,0.506444598,1,0.55,1,APPROVED,63,0.889907382,1.138812804,0.104572705,-0.032322913,-0.997988055,0.162258861,-0.328365855,0.532118624,0.114481449,0.001689668,0.109340823
4/5/18,64,0.379555977,0.620444023,0,0.55,1,APPROVED,64,0.528657402,0.381390751,0.080034283,0.053671297,1.173900788,-0.790778676,0.35214463,-0.039361122,-0.538509443,0.114313265,-0.012908742
4/6/18,65,0.364352287,0.635647713,0,0.55,1,APPROVED,65,-1.753163469,-1.928484799,-0.128608625,-0.403396418,-0.316650124,0.468353197,-0.19850338,-0.412080271,0.584610991,-1.076950827,0.26542732
4/9/18,66,0.353122012,0.646877988,0,0.55,1,APPROVED,66,0.187845984,0.481106297,-0.027934774,0.392078532,0.317173611,0.254636238,0.317405086,-0.18556688,0.568471756,0.036451034,0.295989711
4/10/18,67,0.483615184,0.516384816,1,0.55,1,APPROVED,67,1.327052869,1.611986622,0.106304829,0.586353812,1.074800365,0.339054676,0.228776679,-0.074475683,0.495907456,1.032306918,0.154092896
4/11/18,68,0.414597571,0.585402429,0,0.55,1,APPROVED,68,-0.398920481,-0.480721638,0.016234386,0.358340439,-0.382631273,0.912919794,0.27360433,0.093081076,0.156003329,0.001609936,0.128988074
4/12/18,69,0.380820856,0.619179144,0,0.55,1,APPROVED,69,0.593252789,0.85845296,0.059570165,0.072301262,-0.99029769,-1.206227646,-0.651012732,-0.604070607,-0.562811252,-0.043293278,-0.06202687
4/13/18,70,0.334579883,0.665420117,0,0.55,1,APPROVED,70,-0.292250648,-0.43632882,-0.026298879,0.090420975,0.114370534,0.384365298,0.544358797,0.256207215,0.057406353,-0.559797035,-0.179910379
4/16/18,71,0.339487525,0.660512475,0,0.55,1,APPROVED,71,0.631476446,0.526169353,-0.027101394,-0.29903591,0.425833992,0.140919292,0.028691255,0.303849372,0.69336572,0.047202272,-0.272689066
4/17/18,72,0.384851823,0.615148177,0,0.55,1,APPROVED,72,0.825969145,1.571548605,-0.027934774,0.086184091,-0.314661552,-0.054810873,0.303975041,0.594539221,-0.139912346,0.092425146,-0.415677396
4/18/18,73,0.518553639,0.481446361,1,0.55,1,APPROVED,73,0.065218872,0.10695876,0.106304829,0.522295672,1.421429452,0.225287685,1.201341551,-0.128863532,0.057209777,0.44259376,-0.377474407
4/19/18,74,0.378700588,0.621299412,0,0.55,1,APPROVED,74,-0.493712571,-0.738147776,0.102905944,-0.039792783,-0.49610187,-0.32104161,0.136855899,-0.777889177,-0.407571398,-0.334646483,-0.338179904
4/20/18,75,0.356784209,0.643215791,0,0.55,1,APPROVED,75,-0.681230302,-1.236988504,0.120634218,0.029656638,0.030426751,-0.693384697,-0.403172387,-0.501914106,-0.803801542,-0.697209192,-0.237760619
4/23/18,76,0.384932555,0.615067445,0,0.55,1,APPROVED,76,-0.049297885,-0.236900718,-0.063654182,0.073372646,-0.46371079,-0.96753012,-1.472042706,-0.061076529,-1.11954455,-0.454647861,-0.296702373
4/24/18,77,0.448002793,0.551997207,0,0.55,1,APPROVED,77,-1.032615353,-1.640043278,0.057618103,-0.234510134,0.54688555,0.555302526,0.292951018,0.179426481,0.34343415,-0.274030348,-0.113328027
4/25/18,78,0.407884576,0.592115424,0,0.55,1,APPROVED,78,0.067829503,0.043202876,0.117862541,0.097437229,-0.157975654,-0.707588247,-0.529364957,-0.117334557,-1.024859509,-0.437100856,-0.132975278
4/26/18,79,0.430003287,0.569996713,0,0.55,1,APPROVED,79,0.746580732,1.536014558,0.016234386,0.042667449,-0.3919025,-0.360741504,-0.147178427,0.666279905,-0.830306693,0.75987311,-0.307617513
4/27/18,80,0.383953659,0.616046341,0,0.55,1,APPROVED,80,0.026950537,-0.000537145,-0.061623116,-0.016758272,-1.253503961,0.438079372,-0.048288961,0.880475165,0.389631729,0.312256721,-0.398213173
4/30/18,81,0.339742506,0.660257494,0,0.55,1,APPROVED,81,-0.680050208,-0.580421239,-0.104649631,0.127909761,0.096671053,-0.313782266,-0.56326751,-0.224233968,-0.746228697,-0.408984543,-0.341454446
5/1/18,82,0.401923647,0.598076353,0,0.55,1,APPROVED,82,0.186453572,0.812692054,0.101300915,-0.332271543,-0.71548823,-0.860156022,-0.529693688,0.456013906,-1.225598235,-0.285313058,-0.389481061
5/2/18,83,0.423063898,0.576936102,0,0.55,1,APPROVED,83,-0.523518166,-0.490395527,0.036741495,0.184392598,0.583635141,-0.115858003,0.620776115,-0.209554673,-0.609451446,-0.448388593,-0.33708839
5/3/18,84,0.423360816,0.576639184,0,0.55,1,APPROVED,84,-0.235710773,-0.056247386,-0.044742508,0.1359848,0.189025007,0.441958716,0.147041219,-0.052875684,0.540398532,-0.137321321,-0.344728988
5/4/18,85,0.504343798,0.495656202,1,0.55,1,APPROVED,85,1.005861912,1.379723296,0.037114352,0.338182602,0.096160248,0.098431254,0.277183322,0.556483413,-0.406185112,0.224280315,-0.468070067
5/7/18,86,0.377511801,0.622488199,0,0.55,1,APPROVED,86,0.307490658,0.577851345,-0.025149332,0.261376724,-0.13376974,-0.075323466,-0.193927505,0.333510429,-0.552850448,-0.334583725,-0.470253094
5/8/18,87,0.340447777,0.659552223,0,0.55,1,APPROVED,87,-0.00100322,-0.123845898,0.037305911,-0.40900088,-0.373317637,-0.061985555,0.00683334,-0.281028159,-0.846969001,0.283038289,-0.47461915
5/9/18,88,0.408241253,0.591758747,0,0.55,1,APPROVED,88,0.703328045,0.772554065,0.057994318,0.536447496,-0.042050334,-0.082034084,0.002874739,0.332919076,-0.190102239,0.083755314,-0.615424452
5/10/18,89,0.494071226,0.505928774,1,0.55,1,APPROVED,89,0.660455032,0.732366543,-0.086301164,0.060882939,0.95863213,0.586310314,0.663424149,0.391018175,0.94199324,1.104345523,-0.636163218
5/11/18,90,0.405170654,0.594829346,0,0.55,1,APPROVED,90,0.091337528,-0.117880776,-0.026696387,-0.156280773,0.022009032,-0.141460129,-0.178853198,-0.198589302,0.410392261,-0.111749813,-0.699471028
5/14/18,91,0.465329963,0.534670037,1,0.55,1,APPROVED,91,-0.005491879,0.081721545,0.059982887,0.07117713,-0.323808067,-0.201391304,-0.455647039,-0.466686563,-0.232615035,0.047446328,-0.668908637
5/15/18,92,0.417448937,0.582551063,0,0.55,1,APPROVED,92,-0.517308138,-0.879703036,0.20942286,0.093257895,-0.682199378,-1.892667569,-0.801006956,-0.868488318,-1.299571807,-1.134883126,-0.483351262
5/16/18,93,0.438851537,0.561148463,0,0.55,1,APPROVED,93,0.336735546,0.450228296,0.036034354,0.050882844,0.272682796,0.046342178,0.316758995,-0.176350012,-0.440785578,0.79167188,-0.615424452
5/17/18,94,0.350247625,0.649752375,0,0.55,1,APPROVED,94,-0.043882036,-0.336184665,0.055495861,0.006466188,0.317173611,-0.177967295,0.143041804,-0.279976464,-0.19100787,-0.844179771,-0.614332938
5/18/18,95,0.307217554,0.692782446,0,0.55,1,APPROVED,95,-0.198235181,-0.435572912,-0.060968852,-0.045222772,-0.49946622,0.094041324,0.007214294,0.050448531,-0.3389701,-0.473729939,-0.615424452
5/21/18,96,0.507939326,0.492060674,1,0.55,1,APPROVED,96,0.559809943,0.375114072,-0.023709898,0.243454721,0.613393849,-0.062457206,0.178530819,0.602521789,0.282131588,0.307053349,-0.652535927
5/22/18,97,0.53181371,0.46818629,1,0.55,1,APPROVED,97,-0.334366464,-0.145184763,0.016234386,-0.020327885,0.588017248,0.039506127,0.080892964,0.056369044,-0.176504408,0.165393002,-0.637254732
5/23/18,98,0.573639648,0.426360352,1,0.55,1,APPROVED,98,0.203438343,0.58790869,-0.065068139,-0.064280459,-1.079972401,-0.198289061,-0.301867018,0.505810395,-1.212345322,-0.044046175,-0.707111626
5/24/18,99,0.445941869,0.554058131,0,0.55,1,APPROVED,99,-0.162763319,-0.069121381,-0.025908666,-0.270314581,0.436577716,0.971862395,0.624120282,-0.12656355,0.343530555,-0.310969003,-0.712569195
5/25/18,100,0.49274956,0.50725044,1,0.55,1,APPROVED,100,-0.199505617,0.028436362,-0.069627159,-0.697787922,-0.361242608,-0.082367476,-0.490167153,0.163794893,-1.02514759,0.200838993,-0.637254732
5/29/18,101,0.507807395,0.492192605,1,0.55,1,APPROVED,101,-0.847588516,-0.379226565,-0.407446486,-0.291646046,-0.299001817,-0.35164763,-0.465814599,0.230503432,-1.659446738,-1.275795874,-0.222479424
5/30/18,102,0.43327926,0.56672074,0,0.55,1,APPROVED,102,0.998829072,0.491491248,0.180291264,0.396735481,0.290216157,0.133620012,0.407828437,0.691783652,1.88855191,0.407432281,-0.449514329
5/31/18,103,0.470219799,0.529780201,1,0.55,1,APPROVED,103,-0.601671838,-0.095555769,0.016234386,-0.295363256,-0.096937729,-0.129671662,-0.263173015,-0.197202807,0.419169277,-0.04445221,-0.396030145
6/1/18,104,0.516168538,0.483831462,1,0.55,1,APPROVED,104,0.803218496,1.133500977,0.194874098,-0.316379431,0.592107499,-0.393023743,-0.07214089,0.213569259,-0.505878046,0.734872072,-0.611058396
6/4/18,105,0.543984112,0.456015888,1,0.55,1,APPROVED,105,0.343291615,0.632089352,0.087269323,-0.276958558,0.630897492,-0.150493054,-0.014050955,0.437144235,0.598753649,0.526467896,-0.689647402
6/5/18,106,0.523301663,0.476698337,1,0.55,1,APPROVED,106,0.085152947,0.185995576,-0.029701541,0.215720658,1.126530931,0.263335089,0.185883143,-0.156189588,0.283886701,-0.43585565,-0.726758877
6/6/18,107,0.505101895,0.494898105,1,0.55,1,APPROVED,107,0.649655818,0.391703053,0.109981173,-0.205700401,1.09471399,-0.062327309,0.566838297,0.106093314,0.833697879,0.792371723,-0.809713939
6/7/18,108,0.442006192,0.557993808,0,0.55,1,APPROVED,108,-0.122549446,-0.658367582,-0.051318447,0.338114671,0.200949189,0.072976803,0.067252059,-0.018663145,0.385693812,-0.844878399,-0.756229754
6/8/18,109,0.343455618,0.656544382,0,0.55,1,APPROVED,109,0.227422567,-0.042643548,0.039434348,-0.049564801,0.406442734,-0.075816886,0.214170333,0.171301857,-0.456976631,-0.125447999,-0.750772184
6/11/18,110,0.449210577,0.550789423,0,0.55,1,APPROVED,110,0.049365089,0.155635658,0.062170312,0.102826144,-0.757467323,0.018810126,0.382336172,-0.096985116,0.222972417,-0.020846342,-0.732216447
6/12/18,111,0.352848641,0.647151359,0,0.55,1,APPROVED,111,0.142660698,0.348539096,0.061269607,0.075680464,-0.1532284,-0.292010548,-0.210914527,0.2950942,-0.575909213,-0.160586148,-0.733307961
6/13/18,112,0.504173602,0.495826398,1,0.55,1,APPROVED,112,-0.365485154,-0.051230566,0.016234386,0.080712595,0.054476402,0.086696113,0.486919877,-1.038796445,0.683403543,-0.382778285,-0.667817123
6/14/18,113,0.459361192,0.540638808,1,0.55,1,APPROVED,113,0.184968746,0.714278918,-0.072103934,0.072479088,-0.577435856,0.445160133,0.384975711,0.478347715,-3.295103121,-0.385222706,-0.757321268
6/15/18,114,0.41694871,0.58305129,0,0.55,1,APPROVED,114,-0.102881149,-0.309445381,-0.006733578,-0.474942236,-1.378351054,-2.013841142,-1.79048279,-0.051485558,0.633587041,-0.446870374,-0.772602464
6/18/18,115,0.604623591,0.395376409,1,0.55,1,APPROVED,115,-0.122427939,-0.250885104,-0.006965577,0.220132879,-0.704199406,0.074887696,-0.31415869,-0.485033838,0.195993292,-0.676896872,-0.736582503
6/19/18,116,0.550262109,0.449737891,1,0.55,1,APPROVED,116,-0.334964708,-0.259959932,-0.054075705,-0.201964958,-1.102354949,-0.076531691,-0.528150306,-0.071684349,-0.493936155,-0.962698262,-0.62306505
6/20/18,117,0.446264243,0.553735757,0,0.55,1,APPROVED,117,0.179287503,0.48707289,0.112941598,0.317452178,-0.143681923,-0.337978028,-0.086902009,0.565161465,-0.269798776,0.212655477,-0.684189832
6/21/18,118,0.371422764,0.628577236,0,0.55,1,APPROVED,118,-0.593132947,-0.700235832,-0.053365503,-0.174227727,-0.37550348,-0.311411905,0.077748645,0.230662122,0.482770312,-0.779516113,-0.482259748
6/22/18,119,0.437941648,0.562058353,0,0.55,1,APPROVED,119,0.088012979,-0.213845668,0.040159347,0.822655565,0.079004004,-0.021422641,0.408167356,0.392732386,0.70671543,0.537654796,-0.577221463
6/25/18,120,0.491668035,0.508331965,1,0.55,1,APPROVED,120,-1.188948883,-1.741025155,-0.054800552,-0.121824849,-0.767836939,-0.159908167,-0.41258665,-0.154725636,0.793614134,-0.745600757,-0.188642491
6/26/18,121,0.45933068,0.54066932,1,0.55,1,APPROVED,121,0.181948594,0.260180705,0.040668389,0.639709087,0.070759732,-0.659334503,-0.125650133,0.150234196,-0.832980787,-0.232517372,-0.34254596
6/27/18,122,0.476879569,0.523120431,1,0.55,1,APPROVED,122,-0.810690433,-1.069485627,-0.104649631,0.562824743,-0.164716153,-0.30065291,-0.757269259,-0.219393068,-1.405528166,-1.058369611,-0.12533468
6/28/18,123,0.487540589,0.512459412,1,0.55,1,APPROVED,123,0.446602495,0.599831174,0.041754344,0.173336928,-0.608581153,-0.16136065,-0.195187502,0.449342969,0.227105608,0.437987477,-0.241035161
6/29/18,124,0.439939794,0.560060206,0,0.55,1,APPROVED,124,0.01874611,0.155089521,0.041473905,0.174165017,-0.071202317,0.210249721,0.335496309,0.110186538,1.733182956,0.78797948,-0.323990223
7/2/18,125,0.360161927,0.639838073,0,0.55,1,APPROVED,125,0.235885681,0.456801502,-0.058661146,-0.043368522,-0.395722036,-0.930680277,-0.853117193,-0.307863056,-0.670338239,-0.556249534,-0.377474407
7/3/18,126,0.406295586,0.593704414,0,0.55,1,APPROVED,126,-0.347326603,-0.917220617,-0.086992415,0.054062614,-0.51348175,0.798689419,0.510074958,0.375541326,0.285345744,0.016881776,-0.318532653
7/5/18,127,0.415612147,0.584387853,0,0.55,1,APPROVED,127,0.670446252,0.886330066,0.097297785,-0.278341991,-1.806723041,0.335777124,0.069447716,0.603501152,0.494163986,-0.159086107,-0.446239787
7/6/18,128,0.462350421,0.537649579,1,0.55,1,APPROVED,128,0.664260935,1.1227418,-0.062065489,0.21393675,-0.043541433,-0.244417329,-0.034365941,0.260240716,0.820714788,0.722526237,-0.620882022
7/9/18,129,0.505944833,0.494055167,1,0.55,1,APPROVED,129,0.65842707,0.62955513,0.097297785,0.018387867,0.497082962,0.230275647,0.189450661,-0.434801682,0.07504022,0.948560333,-0.695104972
7/10/18,130,0.369278026,0.630721974,0,0.55,1,APPROVED,130,0.166035172,0.008211605,0.016234386,0.068416948,-0.231845285,-0.327889031,-0.203256123,0.089383009,-0.102956141,-0.142935525,-0.700562542
7/11/18,131,0.38871061,0.61128939,0,0.55,1,APPROVED,131,-0.596508681,-0.428591457,0.016234386,-0.87917093,-1.915323083,-0.804212001,-0.817355321,-0.189912384,-1.037890091,-1.073194733,-0.592502659
7/12/18,132,0.482440194,0.517559806,1,0.55,1,APPROVED,132,0.620724649,1.248707789,-0.009865572,-0.006034806,0.687372917,0.11987403,0.435832968,0.140421415,-0.028999781,0.715475977,-0.707111626
7/13/18,133,0.495827814,0.504172186,1,0.55,1,APPROVED,133,0.019723668,0.015893506,-0.03656553,0.176600569,0.017172669,-0.415416929,-0.442241665,-0.17726569,0.194956754,0.016089675,-0.750772184
7/16/18,134,0.386765871,0.613234129,0,0.55,1,APPROVED,134,-0.177619712,-0.226967231,-0.010786747,-0.724548823,-0.287870041,-0.141328059,-0.107798895,-0.298651972,0.388624964,-0.316132326,-0.679823776
7/17/18,135,0.463714842,0.536285158,1,0.55,1,APPROVED,135,0.314348991,0.410452905,0.016234386,0.011637037,-0.381051962,-0.913054455,-0.701174939,-0.364133681,-0.743196053,0.375035042,-0.763870352
7/18/18,136,0.378580609,0.621419391,0,0.55,1,APPROVED,136,0.15672559,-0.188768972,0.125605638,0.182223401,0.233482479,0.007629256,-0.078621169,-0.250506971,-0.327930288,-0.082252227,-0.759504296
7/19/18,137,0.528847446,0.471152554,1,0.55,1,APPROVED,137,-0.256507953,-0.423055564,-0.088165447,0.185603463,-1.374361788,-0.314002603,-0.7995281,0.595868795,0.045775986,-0.684785572,-0.675457721
7/20/18,138,0.578664856,0.421335145,1,0.55,1,APPROVED,138,-0.145628099,-0.063753865,0.180291264,0.259797582,1.234683195,0.473774175,0.622013717,-0.523765078,1.228335278,0.750952231,-0.676549235
7/23/18,139,0.501224288,0.498775712,1,0.55,1,APPROVED,139,0.088486171,0.19249424,0.194874098,-0.635355334,-0.208132641,-0.42733141,-0.458457737,-0.128415011,-0.474809057,-0.376757418,-0.70274557
7/24/18,140,0.527411866,0.472588135,1,0.55,1,APPROVED,140,0.137477813,0.262921882,-0.078478864,0.16975579,1.272976493,-0.042433482,0.254593884,-0.283914973,-0.073669526,0.769828592,-0.725667363
7/25/18,141,0.451044731,0.548955269,1,0.55,1,APPROVED,141,0.646030264,1.00396848,0.016234386,0.206775454,0.097172971,0.415863865,0.444270019,0.397497322,0.627144419,0.85581516,-0.738765531
7/26/18,142,0.417239362,0.582760639,0,0.55,1,APPROVED,142,-0.175460704,-1.18621205,0.164414792,0.085180236,-0.06367184,-0.469854299,-0.755958832,0.155519744,-1.276949995,-0.619904858,-0.75513824
7/27/18,143,0.420160823,0.579839177,0,0.55,1,APPROVED,143,-0.681842029,-1.061751058,-0.053365503,-0.226096472,-0.354971522,-0.228586052,0.384138415,-0.578057691,0.210408178,0.17300485,-0.657993497
7/30/18,144,0.421518693,0.578481307,0,0.55,1,APPROVED,144,-0.540274503,-1.109500398,-0.031615538,0.375352692,0.067404374,-0.157257394,-0.089488994,0.013833244,0.733406134,-0.105352601,-0.523737279
7/31/18,145,0.538234917,0.461765083,1,0.55,1,APPROVED,145,0.428298949,0.528432468,-0.008199618,-0.337282081,0.773347643,0.137179589,0.092993145,0.858195003,-0.222454499,0.26934394,-0.679823776
8/1/18,146,0.57009522,0.42990478,1,0.55,1,APPROVED,146,-0.107472772,0.238554319,0.115021323,-0.275035244,-1.694500506,-0.451216593,-0.473977082,0.351854387,-0.461245199,-0.501909293,-0.644895329
8/2/18,147,0.45525914,0.54474086,1,0.55,1,APPROVED,147,0.4450481,0.976139451,-0.007443927,0.344558387,-0.228532598,-0.561281304,-0.246534285,-0.227993134,-1.120104058,-0.736798071,-0.74968067
8/3/18,148,0.423289838,0.576710162,0,0.55,1,APPROVED,148,0.241485479,0.183397585,-0.031615538,-0.113462863,0.511441286,0.225692322,0.312849248,0.548160235,-0.254872686,0.397284758,-0.809713939
8/6/18,149,0.539137726,0.460862274,1,0.55,1,APPROVED,149,0.293521252,0.395640617,-0.105935631,0.140064192,-0.675750745,-0.440015872,-0.432329523,-0.087969479,-0.210053471,-0.435761777,-0.850099956
8/7/18,150,0.368162934,0.631837066,0,0.55,1,APPROVED,150,0.202970567,0.227011064,0.093654486,0.047263518,0.399201832,0.037337209,0.28068293,-0.11329708,0.679603511,0.532562467,-0.88721143
8/8/18,151,0.379503746,0.620496254,0,0.55,1,APPROVED,151,-0.072893941,0.044036011,-0.033695969,-0.560831324,-0.043992381,0.182377863,0.111947141,-0.322040207,0.16612886,-0.093884984,-0.895943542
8/9/18,152,0.35151411,0.64848589,0,0.55,1,APPROVED,152,-0.099392396,-0.092394345,-0.060325491,-0.027706681,0.273357434,-0.085932756,0.028684315,0.006765654,-1.245015706,-0.179311261,-0.850099956
8/10/18,153,0.483034019,0.516965981,1,0.55,1,APPROVED,153,-0.547956604,-0.621499397,-0.115765402,0.222437552,-0.491973274,-0.093203282,-0.44621117,-0.418972271,-1.722662987,-1.170045013,-0.643803815
8/13/18,154,0.439937099,0.560062901,0,0.55,1,APPROVED,154,-0.383749281,-0.130259134,0.016234386,-0.105413916,-0.259713539,-1.469990754,-1.051678737,-0.121112435,-0.044952165,-0.907749771,-0.466978553
8/14/18,155,0.393985204,0.606014796,0,0.55,1,APPROVED,155,0.508746508,0.424240597,-0.011775326,-0.035429999,-1.034130763,0.089957023,0.172414924,0.237962342,-1.007202388,0.309363511,-0.627431106
8/15/18,156,0.375384555,0.624615445,0,0.55,1,APPROVED,156,-0.700571193,-0.966899423,-0.040476634,-0.526360322,-2.585697741,-1.175450728,-2.062780801,0.383550122,0.016219141,-1.573489961,-0.482259748
8/16/18,157,0.498502508,0.501497492,1,0.55,1,APPROVED,157,0.608447127,0.200564054,0.045307756,0.12826867,1.219602716,-0.132159752,0.707438993,0.405825758,0.492412833,0.31707981,-0.61214991
8/17/18,158,0.454533681,0.545466319,1,0.55,1,APPROVED,158,0.239245951,-0.030228378,0.073654293,0.127431348,0.245564245,-0.012890005,0.486553467,0.465257992,0.935250044,0.547469013,-0.700562542
8/20/18,159,0.518333133,0.481666867,1,0.55,1,APPROVED,159,0.17871,-0.113842702,-0.151823881,0.14529379,0.822754362,0.733019228,-0.175267503,0.018699584,0.671250881,0.222004401,-0.716935251
8/21/18,160,0.47336942,0.52663058,1,0.55,1,APPROVED,160,0.231647676,0.229206445,0.04645539,0.250161607,0.546381694,0.39360279,0.063904677,-0.336019823,1.351684935,0.666268124,-0.676549235
8/22/18,161,0.434938755,0.565061245,0,0.55,1,APPROVED,161,-0.02671884,0.24487164,-0.103079708,0.139712859,-0.483242268,0.236989545,-0.106872779,-0.312913072,0.392445341,0.406340695,-0.743131587
8/23/18,162,0.480698255,0.519301745,1,0.55,1,APPROVED,162,-0.185189113,-0.154927621,0.047697349,-0.001312945,-0.423820684,-0.71749259,-0.896223206,-0.150879751,-0.855701545,-0.893439849,-0.725667363
8/24/18,163,0.596573576,0.403426425,1,0.55,1,APPROVED,163,0.469540273,0.651723372,-0.014803402,0.237349201,0.952548121,1.391608078,1.069849367,0.290623483,1.239184743,0.980127257,-0.77151095
8/27/18,164,0.450408735,0.549591265,1,0.55,1,APPROVED,164,0.531886194,0.719460136,0.016234386,0.04487509,0.143335182,0.161148634,0.23577761,-0.20691003,0.840577311,0.750418361,-0.752955212
8/28/18,165,0.561451841,0.438548159,1,0.55,1,APPROVED,165,0.000740286,0.063176923,0.079160312,-0.080404373,0.548363094,-0.151411315,-0.65951793,0.686661757,0.25454945,-0.217077158,-0.715843737
8/29/18,166,0.495030149,0.504969851,1,0.55,1,APPROVED,166,0.401230112,0.820587442,0.046858336,0.25810008,-0.558784897,-0.246052512,0.142325995,-0.006235514,0.179673613,0.311501974,-0.743131587
8/30/18,167,0.483792581,0.516207419,1,0.55,1,APPROVED,167,-0.372208091,-0.179828994,-0.013986618,0.193796571,-0.428821463,-0.363132038,-0.727514656,-0.35412955,-0.535044336,-1.427737305,-0.603417799
8/31/18,168,0.370416165,0.629583835,0,0.55,1,APPROVED,168,0.027330282,0.049853056,0.016234386,-0.106250956,-0.892330381,0.08173603,-0.053966231,0.187666414,-1.029455208,0.255504442,-0.676549235
9/4/18,169,0.546565346,0.453434654,1,0.55,1,APPROVED,169,-0.165641412,-0.369230208,0.077482287,0.024113006,-1.416254304,-0.590326744,-1.345037502,-0.641449389,-0.299560557,-1.070626661,-0.643803815
9/5/18,170,0.386384494,0.613615506,0,0.55,1,APPROVED,170,-0.297837947,-1.017943944,-0.013594138,-0.283155372,0.17269398,0.119073133,0.088825957,0.283873739,0.723103008,-0.798314759,-0.561940268
9/6/18,171,0.46250403,0.53749597,1,0.55,1,APPROVED,171,-0.354004778,-0.719144285,-0.013986618,-0.236790196,0.541362264,0.177497501,-0.144507962,0.131736042,-0.104036222,0.030880609,-0.481168234
9/7/18,172,0.411176325,0.588823676,0,0.55,1,APPROVED,172,-0.206732597,-0.336452661,0.169354139,0.001273212,-0.346185808,-0.320720935,0.042962066,-0.587292933,-1.048703853,-0.292152714,-0.456063413
9/10/18,173,0.374447403,0.625552597,0,0.55,1,APPROVED,173,0.142847413,0.206298061,0.016234386,-0.048076155,0.127917344,-0.079331512,-0.011054369,0.215077116,0.619323986,-0.553216886,-0.534652419
9/11/18,174,0.428803636,0.571196364,0,0.55,1,APPROVED,174,0.235093152,0.532329425,0.102364247,0.451977613,-0.163773257,0.13370202,-0.148129331,-0.024952366,0.18123136,0.097180126,-0.637254732
9/12/18,175,0.481738484,0.518261516,1,0.55,1,APPROVED,175,-0.012230169,-0.268683953,-0.039110104,0.291057761,1.155336504,0.602665482,0.374012981,0.00649676,0.301170332,0.253947596,-0.645986843
9/13/18,176,0.490614963,0.509385037,1,0.55,1,APPROVED,176,0.343639123,0.756104621,0.044589895,-0.438632427,0.10359719,-0.231825306,-0.32548517,0.239101992,0.96020722,0.708224062,-0.730033419
9/14/18,177,0.58984795,0.41015205,1,0.55,1,APPROVED,177,0.037593369,-0.266989709,0.044244097,0.109084054,-0.805681052,-0.516812479,-0.398888441,-0.350238948,-0.968149474,-0.072228447,-0.762778838
9/17/18,178,0.429479422,0.570520578,0,0.55,1,APPROVED,178,-0.562698616,-1.129927177,0.016234386,-0.013938391,0.105097016,0.331542141,0.407883455,0.151329634,0.870342893,-0.509441666,-0.587045089
9/18/18,179,0.520808977,0.479191024,1,0.55,1,APPROVED,179,0.389468238,0.57500743,0.154595609,0.246498327,1.655447625,-0.232528914,-0.13257306,-0.269689084,-0.237810844,0.498164816,-0.684189832
9/19/18,180,0.509466222,0.490533778,1,0.55,1,APPROVED,180,-0.013159432,-0.104527738,0.120634218,0.326400708,-0.065063355,0.360127107,0.298869008,-0.630334369,0.090479709,0.724549126,-0.797707285
9/20/18,181,0.393637685,0.606362315,0,0.55,1,APPROVED,181,0.601379456,0.784385979,-0.033695969,-0.072707709,0.205103525,0.161540205,0.251203464,0.472631242,1.553524409,0.574949444,-0.792249715
9/21/18,182,0.387787989,0.612212011,0,0.55,1,APPROVED,182,-0.103794545,-0.458078769,-0.009285573,0.001495454,2.367371278,-0.762580411,-0.092106958,-0.037626501,-0.413477785,0.229914568,-0.805347883
9/24/18,183,0.465248884,0.534751116,1,0.55,1,APPROVED,183,-0.323490611,0.026718326,-0.061185715,0.329655199,-0.430603875,0.184742449,-0.189990406,-1.669073024,-0.013976267,-0.632368269,-0.748589156
9/25/18,184,0.415233618,0.584766382,0,0.55,1,APPROVED,184,-0.092813906,0.055268601,0.096355187,0.055290823,-0.273550878,-0.027957648,0.704770504,-0.012133872,0.282706205,0.193746678,-0.724575849
9/26/18,185,0.485095437,0.514904563,1,0.55,1,APPROVED,185,-0.36600816,0.00612948,-0.061185715,-0.166381668,0.046794184,-0.422963026,-0.497261871,-0.645395204,-0.413829901,0.092311637,-0.673274693
9/27/18,186,0.39630181,0.60369819,0,0.55,1,APPROVED,186,0.16144993,0.589600763,0.069648253,0.141690712,-0.505113707,-0.924303973,-0.285605204,0.232424583,-1.454008197,0.242636311,-0.725667363
9/28/18,187,0.429587635,0.570412365,0,0.55,1,APPROVED,187,-0.000356985,-0.063139122,-0.035965531,0.282172378,0.421738034,0.647602094,1.391633305,0.691547892,-0.553053227,-0.382935,-0.757321268
10/1/18,188,0.498557292,0.501442708,1,0.55,1,APPROVED,188,0.09206109,0.106835471,0.016234386,0.498925125,-0.374933856,-0.359343936,-0.591277396,-0.505263144,-0.38961841,-0.008276163,-0.770419436
10/2/18,189,0.403343367,0.596656633,0,0.55,1,APPROVED,189,-0.159073,-0.216585346,-0.09059335,-0.009891686,0.360399535,1.095786109,0.672338191,-0.136542954,-0.450703265,-0.699477914,-0.764961866
10/3/18,190,0.46470547,0.53529453,1,0.55,1,APPROVED,190,0.100501495,0.034005154,0.296331496,0.282469782,0.528393364,-0.334510736,-0.214511428,-0.576574195,-1.055520361,-0.466303372,-0.812988481
10/4/18,191,0.41014226,0.58985774,0,0.55,1,APPROVED,191,-0.774223204,-1.490524696,0.141060272,-0.472535371,-1.146463536,-0.115831103,-0.160627296,-0.456531603,0.547449524,-1.368343261,-0.528103335
10/5/18,192,0.378346386,0.621653614,0,0.55,1,APPROVED,192,-0.518566883,-0.966331166,0.087269323,0.008833522,-0.317575209,0.257933965,0.109045713,-0.045424487,0.152213288,-0.218276972,-0.462612497
10/8/18,193,0.373888886,0.626111114,0,0.55,1,APPROVED,193,-0.122599312,-0.506072279,0.016234386,-0.005368893,0.058017793,-1.262642291,-0.923225364,0.737731455,-0.483064276,0.058415964,-0.367650781
10/9/18,194,0.529327568,0.470672433,1,0.55,1,APPROVED,194,-0.188883303,0.196613443,-0.075637467,0.165163012,0.780547433,0.172189943,0.026308328,0.053919361,-0.014307982,-0.218711416,-0.339271418
10/10/18,195,0.452786506,0.547213495,1,0.55,1,APPROVED,195,-2.642252016,-3.353801813,-0.007690576,-0.413725295,-0.545339035,0.119957192,-0.319267884,-0.796197346,0.440669445,-1.62283319,0.425879874
10/11/18,196,0.401450476,0.598549525,0,0.55,1,APPROVED,196,-1.652521644,-0.979562766,-0.17718004,-0.522604155,0.432267096,2.488300146,0.967990005,-1.516915276,1.105184598,-0.566635012,0.646365695
10/12/18,197,0.315167479,0.684832522,0,0.55,1,APPROVED,197,1.011000411,2.045625969,0.016234386,0.098204492,-0.073762221,-0.422594142,-0.039851499,-0.156377388,-0.495216564,1.564332284,0.245780069
10/15/18,198,0.324470005,0.675529995,0,0.55,1,APPROVED,198,-0.399979355,-0.957079537,-0.03656553,0.114994578,-0.26487832,0.562692696,0.369588013,0.333434504,0.287289917,-0.596647292,0.244688555
10/16/18,199,0.545994776,0.454005224,1,0.55,1,APPROVED,199,1.75798316,2.140531959,0.043255519,0.040786274,-0.205319007,0.02912769,-0.128800708,1.058003154,-0.074396831,1.332671218,-0.156988586
10/17/18,200,0.356698532,0.643301468,0,0.55,1,APPROVED,200,-0.100824392,-0.017254573,0.069648253,-0.524459633,-0.053922242,-0.292687659,-0.206351878,-0.220249219,-1.098318899,-0.681042255,-0.181001893
10/18/18,201,0.42314786,0.57685214,0,0.55,1,APPROVED,201,-1.224024438,-1.790059184,-0.062065489,-0.27103974,-0.662208568,0.165527117,-0.142055668,-0.119845846,-0.726476378,-1.437800816,0.109340823
10/19/18,202,0.546743764,0.453256236,1,0.55,1,APPROVED,202,-0.191882248,-0.116422764,0.124318918,0.126936797,0.622483401,-0.121133961,0.124646374,0.434161557,0.929049582,0.487091258,0.090785085
10/22/18,203,0.422796975,0.577203025,0,0.55,1,APPROVED,203,-0.361341699,0.339821906,-0.061185715,0.019195064,0.128542319,-0.328918195,-0.214425437,-0.749029894,-0.755926502,0.563953765,0.063497236
10/23/18,204,0.378188093,0.621811908,0,0.55,1,APPROVED,204,-0.496439029,-0.323662003,-0.037179482,-0.690572011,-0.579604618,0.841433433,0.564171023,0.212381415,0.107268396,-0.612829693,0.180289231
10/24/18,205,0.349805512,0.650194488,0,0.55,1,APPROVED,205,-2.580753671,-3.488200619,-0.20250812,0.109771855,-0.033736507,-0.433715353,-0.190893326,0.47522317,-1.19934298,-1.762085594,0.673653545
10/25/18,206,0.409435446,0.590564554,0,0.55,1,APPROVED,206,1.475992663,2.554307525,0.137118402,0.140769739,-0.084804355,0.05764422,-0.165940446,0.651569682,-0.259205179,1.019380217,0.563410634
10/26/18,207,0.394118413,0.605881588,0,0.55,1,APPROVED,207,-1.360364262,-1.981015216,-0.127315384,0.074416041,-0.299581873,0.207484496,0.155336088,-1.276006372,0.429833951,-0.641450751,0.55686155
10/29/18,208,0.310525289,0.689474711,0,0.55,1,APPROVED,208,-0.559247923,-1.594447245,-0.014389565,-0.136720959,-0.033799839,-0.604891937,-0.834425688,0.645822349,-0.457633282,-0.955610001,0.615803304
10/30/18,209,0.404437507,0.595562493,0,0.55,1,APPROVED,209,1.263043035,1.192179736,0.171423325,-0.219263269,-1.595837963,0.022060865,0.026003284,0.697752136,-0.428196075,1.029782483,0.468448918
10/31/18,210,0.329373152,0.670626849,0,0.55,1,APPROVED,210,0.831669814,1.720433474,0.074381127,-0.224855462,-0.129241739,-0.772966783,-0.797258726,-0.632934703,-0.50606065,0.564066104,0.237047957
11/1/18,211,0.535772599,0.464227401,1,0.55,1,APPROVED,211,0.96307074,0.944848148,0.044589895,-0.43000856,1.300416971,1.669305168,1.718329246,0.228626411,1.479827172,1.907950745,0.030751817
11/2/18,212,0.396685376,0.603314624,0,0.55,1,APPROVED,212,-0.48091931,-1.21812663,0.212302363,-0.145488895,1.746034049,-0.410787073,-0.128775917,-0.451048067,-0.304669335,0.324994747,0.049307555
11/5/18,213,0.503315172,0.496684828,1,0.55,1,APPROVED,213,0.329052783,-0.23340024,-0.112799115,-0.004681357,-1.046900824,-0.106429321,-0.273276109,0.759404682,0.291616096,0.124539084,0.098425683
11/6/18,214,0.48840527,0.51159473,1,0.55,1,APPROVED,214,0.452158007,0.522674698,0.098262825,-0.241723904,-0.503806784,-0.462556579,-0.379610335,0.24570647,0.306409433,-0.113115697,0.092968113
11/7/18,215,0.393716328,0.606283672,0,0.55,1,APPROVED,215,1.615389584,2.311598591,-0.03656553,-0.146275417,0.429967052,0.136476446,0.117480428,0.606059526,-0.014394243,0.995855363,-0.294519346
11/8/18,216,0.470439749,0.529560252,1,0.55,1,APPROVED,216,-0.266873432,-0.526587086,0.124318918,-0.278865393,-0.4018251,-0.292394357,-0.488399145,0.020327681,-0.960034086,-1.420493394,-0.255224843
11/9/18,217,0.371545979,0.628454021,0,0.55,1,APPROVED,217,-0.842321195,-1.314073269,-0.138605815,-0.132750416,-1.083751179,-1.217208293,-1.016408992,-0.025156779,-0.413236866,-1.018710891,-0.185367949
11/12/18,218,0.441386355,0.558613645,0,0.55,1,APPROVED,218,-1.61804235,-2.322148817,0.016234386,-0.069544173,-0.191380012,-0.405586046,-0.578829567,0.08524789,-1.813195834,-0.779958844,0.151909868
11/13/18,219,0.454182878,0.545817122,1,0.55,1,APPROVED,219,-0.136128326,0.016334078,-0.177471327,-1.238465067,0.197442835,-0.1884011,-0.016601638,-0.07051573,1.119379197,0.597860194,0.104974767
11/14/18,220,0.326796022,0.673203978,0,0.55,1,APPROVED,220,-0.649924238,-0.620586653,-0.044207623,0.183409683,0.458608545,0.6002229,0.461143829,-0.148423145,0.309575923,0.305389243,0.239230985
11/15/18,221,0.476082263,0.523917737,1,0.55,1,APPROVED,221,0.860510088,1.268433426,0.016234386,0.072159409,0.735106383,0.320076624,0.545169292,-0.376389923,0.278212666,1.181672487,0.100608711
11/16/18,222,0.50182144,0.49817856,1,0.55,1,APPROVED,222,0.143002869,-0.310876522,-0.04584119,0.006466188,1.04290167,0.542550002,0.418568535,0.544540384,1.339280583,0.084888513,-0.100229859
11/19/18,223,0.44084249,0.55915751,0,0.55,1,APPROVED,223,-1.43817856,-2.488978886,-0.111365409,0.099964586,-0.01346159,0.129764332,-0.017169212,0.052607683,0.596266994,-0.746351611,0.113706879
11/20/18,224,0.515176486,0.484823514,1,0.55,1,APPROVED,224,-1.465048892,-1.392467911,-0.017542031,-1.025880665,-0.677540273,-0.328918195,-0.387671329,-0.555702732,-1.277199059,-1.184106631,0.373487203
11/21/18,225,0.423161838,0.576838162,0,0.55,1,APPROVED,225,0.343192847,0.524678921,-0.052326698,0.401668852,0.546553363,0.453382973,0.608281574,0.027098849,0.215439626,0.976731754,0.190112856
11/23/18,226,0.469038724,0.530961276,1,0.55,1,APPROVED,226,-0.478824973,-0.590831375,-0.019100942,-1.349580639,-0.587891676,-0.378296846,-0.757065995,-0.123170625,-0.718643098,-0.651462325,0.268701862
11/26/18,227,0.407121311,0.592878689,0,0.55,1,APPROVED,227,1.201160297,1.69102042,0.08800927,0.428751835,-0.247484578,-0.09266812,-0.244324724,0.079508617,-0.137491075,0.64437995,-0.017274798
11/27/18,228,0.506103024,0.493896976,1,0.55,1,APPROVED,228,0.07171618,0.206929134,-0.018565558,-0.017391025,-1.004703933,-0.681389027,-0.295509857,0.203442964,-0.599126483,0.354653006,-0.00417663
11/28/18,229,0.496673859,0.503326141,1,0.55,1,APPROVED,229,1.837454671,2.3729231,0.051569713,-0.426959457,1.807193168,0.702422823,0.600073003,0.449691923,1.189531117,1.270999465,-0.06202687
11/29/18,230,0.459319146,0.540680854,1,0.55,1,APPROVED,230,-0.203733388,-0.29209387,0.016234386,0.412348518,-0.376128055,0.000586962,-0.075351344,-0.005768655,0.414840881,-0.489082494,-0.029281451
11/30/18,231,0.485346628,0.514653372,1,0.55,1,APPROVED,231,0.608320978,0.498588693,-0.053365503,-0.171378852,-0.033662991,-0.314867869,-0.397565916,0.477652475,-1.161670681,-0.073328064,-0.107870457
12/3/18,232,0.429307794,0.570692206,0,0.55,1,APPROVED,232,0.853794828,1.267123895,-0.127315384,0.704379504,0.422619744,0.950032061,0.61910356,0.262281974,0.570624701,1.06920975,-0.285787234
12/4/18,233,0.364801708,0.635198292,0,0.55,1,APPROVED,233,-2.716408285,-2.931029084,-0.404844937,0.106162497,-1.049642499,0.476802071,0.46475731,-0.793488725,-0.167981839,-1.166553259,0.183563773
12/6/18,234,0.509782179,0.490217821,1,0.55,1,APPROVED,234,-0.128403734,0.483901984,-0.124385796,-0.575123701,-0.187471439,-0.247400047,-0.220767195,1.277073548,0.477135666,-0.520638146,0.232681901
12/7/18,235,0.321086413,0.678913587,0,0.55,1,APPROVED,235,-1.892908423,-2.529442702,-0.033695969,0.389219469,0.325877686,0.581385403,0.506462845,-0.704352971,0.07746648,-1.02977645,0.455350751
12/10/18,236,0.513567681,0.486432319,1,0.55,1,APPROVED,236,0.043086523,0.740459455,-0.034805532,-0.532028429,-0.820154702,-0.253468836,-0.348580334,-0.356497381,-0.351393681,-0.589038624,0.390951427
12/11/18,237,0.454151481,0.545848519,1,0.55,1,APPROVED,237,-0.089110871,0.202037927,0.22503405,0.230734013,0.960648177,-0.162283217,0.099671228,0.006999403,-0.59764713,0.389325046,0.294898197
12/12/18,238,0.426265277,0.573734723,0,0.55,1,APPROVED,238,0.444968413,0.614833352,0.016234386,-0.16387649,0.02738391,0.141385372,0.562343209,-0.826637317,0.801611745,0.861152814,0.262152778
12/13/18,239,0.354693312,0.645306688,0,0.55,1,APPROVED,239,-0.201375979,-0.024175964,0.016234386,0.498408515,-0.145596593,-0.155159626,0.021665146,-0.337801382,-0.121772968,-0.034197298,0.173740147
12/14/18,240,0.340025628,0.659974372,0,0.55,1,APPROVED,240,-1.50142002,-1.877771225,-0.031615538,-0.455363977,-0.064304014,-0.437795321,-0.597780348,-0.169381626,-0.84281568,-0.782039156,0.280708516
12/17/18,241,0.359918228,0.640081772,0,0.55,1,APPROVED,241,-1.757096031,-1.750748678,-0.032633621,-0.447190964,-0.176556659,0.702537417,0.258199902,-1.990233158,0.648249641,-0.522025044,0.596156053
12/18/18,242,0.425669223,0.574330777,0,0.55,1,APPROVED,242,-0.026566333,0.425885182,-0.133556678,-1.277633471,-1.701227704,0.091360162,-0.105855331,0.520837119,0.200498561,-0.45836249,0.711856533
12/19/18,243,0.404795462,0.595204538,0,0.55,1,APPROVED,243,-1.298821017,-1.893268167,-0.30424882,0.371789342,1.041414038,0.168453215,-0.165703699,-0.593216428,0.230949112,-0.91681687,0.711856533
12/20/18,244,0.392588475,0.607411525,0,0.55,1,APPROVED,244,-1.323657889,-1.136890657,0.202461113,-0.485636485,-0.427108838,0.770736157,0.553529402,-0.804626866,1.07320562,0.399661919,1.017480445
12/21/18,245,0.444686953,0.555313047,0,0.55,1,APPROVED,245,-1.727434879,-2.377386943,0.016234386,-0.104757779,-0.513405306,-0.715882174,-0.409399945,-0.74722151,-1.125836503,-0.396376806,1.206312361
12/24/18,246,0.371996174,0.628003826,0,0.55,1,APPROVED,246,-2.157980021,-2.120732349,-0.615384598,-1.174603778,-0.233813731,0.923627327,0.392158983,-1.883359168,0.521895073,-0.525063258,1.856854686
12/26/18,247,0.636032154,0.363967846,1,0.55,1,APPROVED,247,3.964030079,4.647899519,0.649833366,1.533169947,0.82078129,0.082428392,0.856643127,1.73249996,-0.80892919,1.053653646,1.23905778
12/27/18,248,0.404840507,0.595159493,0,0.55,1,APPROVED,248,0.595923078,0.244025055,-0.04584119,-0.6064763,-0.876158555,0.52478895,0.613800932,-0.025723461,1.18283023,-0.090156735,1.189939652
12/28/18,249,0.361737506,0.638262495,0,0.55,1,APPROVED,249,-0.085438684,-0.086256939,-0.238965204,0.290469931,0.272092879,0.356345323,0.488972551,0.1508073,0.214313206,0.492710326,1.013114389
12/31/18,250,0.413808898,0.586191102,0,0.55,1,APPROVED,250,0.663144998,0.587133588,-0.557964691,0.037520939,-1.084294354,-0.151552754,0.336661252,0.122106476,0.351106272,-0.268328957,0.69439231