Date,Unnamed: 0,label_1.0_PREDICTION,label_0.0_PREDICTION,label_PREDICTION,THRESHOLD,POSITIVE_CLASS,DEPLOYMENT_APPROVAL_STATUS,Unnamed: 0.1,RAY,QQQ,T10Y3M,CL1,HG1,GC1,XAG,VNQ,EURtoUSD,EEM,VIX
2019-01-02,0,0.5528593935,0.4471406065,1,0.51,1.0,APPROVED,0,0.0508807237933611,0.2552526433381615,0.0162343855227995,0.4443417753463914,-0.1947932517050786,0.1565002723130254,0.061981439446886,-1.155838923737151,-1.8684604415606672,0.1172775950086873,0.4542592368834286
2019-01-03,1,0.5435166986,0.4564833014,1,0.51,1.0,APPROVED,1,-1.9385251101830747,-2.5034789176152548,-0.8450642289394888,0.2144167514955045,-1.2045845066006675,0.6959773281533745,0.6832884757140643,0.3472867348149754,0.7689808886442946,-0.9990220080080764,0.6976668518691257
2019-01-04,2,0.5368447334,0.4631552666,1,0.51,1.0,APPROVED,2,2.75170598091212,3.1700689978240364,1.5474319223446458,0.3315642296511923,1.7202056123995575,-0.6452608307399483,-0.1595983092539396,0.5941446153046379,0.0161517265562119,1.7190626391200028,0.2534206666710149
2019-01-07,3,0.5644706223,0.4355293777,1,0.51,1.0,APPROVED,3,0.6591553344358325,0.8482342308691064,0.0162343855227995,0.211928723672163,-0.2469135770723478,0.2445551643446423,-0.1682400733728693,0.4954916474405119,1.209061135297867,0.1014920021622141,0.2556036946081063
2019-01-08,4,0.5644706223,0.4355293777,1,0.51,1.0,APPROVED,4,0.8151973434100134,0.6331846529332857,0.1999780899414212,0.4634213042481353,0.3823110508718167,-0.3074086527788219,-0.021542459914287,1.0624166006696063,-0.5003614755293948,0.182589592560797,0.1540928955333538
2019-01-09,5,0.5644706223,0.4355293777,1,0.51,1.0,APPROVED,5,0.3644472297267464,0.5658110898638793,0.186367445169671,0.9184530986119216,-0.0023181582952936,0.3810244098080964,0.2924563743732889,-0.0938324693015781,1.5545448505320516,0.9384664315884954,0.1006087110746133
2019-01-10,6,0.5143464673,0.4856535327,1,0.51,1.0,APPROVED,6,0.3481417409796734,0.1681177116530159,0.1746341307112666,0.0837612924135413,-0.4369060331537946,-0.3477203022671769,-0.6107216081788787,0.6930506889666997,-0.6483417411683255,0.3641401459340785,0.0482160405844184
2019-01-11,7,0.5143464673,0.4856535327,1,0.51,1.0,APPROVED,7,-0.0302787296581524,-0.3220205622613583,-0.2060362246610166,-0.3281297166960673,0.4996907470842969,0.107875413766607,0.0673506031928538,0.1298721371012913,-0.468920108319157,-0.2844730707201756,-0.0947722892950715
2019-01-14,8,0.4931463911,0.5068536089,0,0.51,1.0,APPROVED,8,-0.4985695085896736,-0.711409031720809,-0.1478224934223984,-0.3619019166094743,-0.5948235953047663,0.0872257977583761,0.1434094227489492,-0.1937081329862173,0.000856656717748,-0.471212445599114,0.0012809399369522
2019-01-15,9,0.502576513,0.497423487,0,0.51,1.0,APPROVED,9,0.8005425059142699,1.4212699451957893,0.1045727049548293,0.5638654706870425,-0.0342131654860607,-0.2323574859279575,-0.2446671838801647,0.4812134327726962,-0.8500661300476275,0.3531655116823332,-0.0500202165846967
2019-01-16,10,0.5143464673,0.4856535327,1,0.51,1.0,APPROVED,10,0.2072532310598175,-0.0608458952213168,0.2714339749931068,0.074001780184717,0.8102975644551548,0.3325374733928989,0.0153411169184297,0.3493523360710656,-0.3198050922115086,0.6424338389530778,-0.001993601968685
2019-01-17,11,0.5143464673,0.4856535327,1,0.51,1.0,APPROVED,11,0.592977615032181,0.545866857282045,0.2459140160460766,-0.0742666676946768,0.1134180468112669,-0.1370163507334325,-0.2313744243332323,0.2338269518948102,-0.0450366084875251,0.2150345852482024,-0.1089619708861663
2019-01-18,12,0.5143464673,0.4856535327,1,0.51,1.0,APPROVED,12,1.0031725064898267,0.6974657985775744,0.3642338257095824,0.5910978297879638,0.7961412458286552,-0.6939761399760652,-0.6324382247458796,0.1598765165999399,-0.3969897450055669,0.2401026779216048,-0.1373413340683549
2019-01-22,13,0.5435166986,0.4564833014,1,0.51,1.0,APPROVED,13,-1.19163421567317,-1.553049624538076,-0.4068596707042895,-0.3958306579009295,-1.2561050566278646,0.0194637129516148,-0.0247467681871922,-0.1768256042701589,-0.0451537346594181,-0.9557409552692938,0.190112856495363
2019-01-23,14,0.5143464673,0.4856535327,1,0.51,1.0,APPROVED,14,0.0929967383740438,0.0505517317671425,0.3125951991012211,0.0232023477213066,-0.1294206167858969,0.0057539045860352,0.0817488153424406,-0.0120530702796719,0.3230144507784563,0.5341256923671196,0.0503990685215098
2019-01-24,15,0.502576513,0.497423487,0,0.51,1.0,APPROVED,15,0.1634400604408696,0.4399441334558047,0.0162343855227995,0.1770128105559175,-0.2357150026086011,-0.3223284175453921,-0.1914632156158511,0.1597863450535398,-1.1782089774041409,0.5023169056126094,-0.0183663114968707
2019-01-25,16,0.4864338567,0.5135661433,0,0.51,1.0,APPROVED,16,0.7124528631262053,0.8514678584994855,0.1474798886789578,0.191935474833163,1.7762591445843086,1.219572235391567,1.4367363019904091,0.6334286124926657,1.5733749356835085,0.6915946053355811,-0.1788188648730924
2019-01-28,17,0.4931463911,0.5068536089,0,0.51,1.0,APPROVED,17,-0.6135580595606056,-0.9757442542492092,-0.2320679177456076,-0.5506930159101381,-1.0348714048437218,0.3027473799747424,-0.0985466430469756,0.4952903126458515,0.3369941778705537,-0.5833708063433227,-0.0205493394339621
2019-01-29,18,0.5143464673,0.4856535327,1,0.51,1.0,APPROVED,18,-0.1471749712049458,-0.7568687912548254,-0.1925652785892704,0.4532299147985213,0.9222437696544756,0.3553261625132167,0.2757403806693029,0.3936558411889757,0.0771044803699428,0.0695891148953942,0.0078300237482264
2019-01-30,19,0.5143464673,0.4856535327,1,0.51,1.0,APPROVED,19,1.1705863154731055,1.865746650704136,-0.1368853681593847,0.310136919764629,0.8549505268177616,0.0317731321422561,0.6934247563094983,0.4032176866550454,0.7172727513347733,1.1528472042312627,-0.1526225296279952
2019-01-31,20,0.5143464673,0.4856535327,1,0.51,1.0,APPROVED,20,0.6537546857210668,1.078551104507826,-0.4759362513127939,-0.1363037807381289,0.3224688780282927,0.6212789037527333,-0.0396417979339595,0.5266652386408058,-0.4849190247860593,0.433585936085697,-0.2715975521994794
2019-02-01,21,0.5143464673,0.4856535327,1,0.51,1.0,APPROVED,21,0.094992865722094,-0.3644234260779224,0.8514330419710789,0.4873493623417705,-0.2561509915830144,-0.2214664621245892,-0.4918758312006364,-0.3512725137909954,0.1226400429787246,-0.4464475345878373,-0.3185326528469456
2019-02-04,22,0.5143464673,0.4856535327,1,0.51,1.0,APPROVED,22,0.5433037192918714,0.8870399001169954,0.092794262363892,-0.2164342652127884,0.4131876323326509,-0.2085345483015431,-0.1562743808159565,0.3729152086543163,-0.2729646127751945,0.0674741603281892,-0.3632847255573204
2019-02-05,23,0.5143464673,0.4856535327,1,0.51,1.0,APPROVED,23,0.331790844677107,0.6183352604694234,-0.1319460212664115,-0.2837969858840609,0.4299836491374637,-0.041950243074502,-0.0807589278238033,0.2822433006869304,-0.4867027788185079,0.7223526739724856,-0.380748949054052
2019-02-06,24,0.5143464673,0.4856535327,1,0.51,1.0,APPROVED,24,-0.2076342626346892,-0.2711687923677613,-0.0629654870714335,0.1212395666880634,0.3663765031983223,-0.3491199086721181,-0.5812889569045718,-0.3614810912676632,-0.6714183855878826,-0.7539466158010132,-0.4014877144564208
2019-02-07,25,0.5143464673,0.4856535327,1,0.51,1.0,APPROVED,25,-0.7459758660607806,-1.056732711485404,-0.393907811840195,-0.439878305898559,-0.1823851455732637,-0.0419747180612033,0.1744606967290823,0.4142527943341044,-0.3212444294052476,-0.5624998628038209,-0.2934278315703938
2019-02-08,26,0.5143464673,0.4856535327,1,0.51,1.0,APPROVED,26,0.0263640801901286,0.1005404947736179,-0.2833477412466921,0.0332084348644535,-0.3819710814571581,0.2529158105068468,0.255893597637889,-0.0186631452673623,-0.2757412150141187,-0.326230549668543,-0.3643762395258661
2019-02-11,27,0.502576513,0.497423487,0,0.51,1.0,APPROVED,27,0.0964865521918495,-0.1183268019094867,0.0162343855227995,-0.0970027722516337,-0.4343697690722937,-0.4828419981506368,-0.3924922392251115,0.1244584938234183,-0.722519233925797,-0.2000012141522696,-0.3370883903122229
2019-02-12,28,0.5143464673,0.4856535327,1,0.51,1.0,APPROVED,28,0.9961828855664868,1.0648369459029927,0.5904334618309918,0.238130279384016,-0.3869173782360418,0.1124431086540403,-0.0272756660736693,-0.3475659007926274,0.7736130674108491,0.4285330836582101,-0.3960301446136923
2019-02-13,29,0.502576513,0.497423487,0,0.51,1.0,APPROVED,29,0.2054940209223305,0.0058453722826934,0.1999780899414212,0.2715720048883359,-0.0032056085428679,0.0719763262946339,-0.4534549705136718,0.2498697710510648,-0.999291822274616,-0.4028468848888502,-0.3720168373056862
2019-02-14,30,0.5143464673,0.4856535327,1,0.51,1.0,APPROVED,30,-0.2064789146350771,0.0453802273717314,-0.324031733770944,0.1729627237801099,-0.0032129361845945,-0.1022222703070125,0.1363052965846085,0.1490899661084911,0.5270309640743694,0.0817468783313334,-0.3098005410985799
2019-02-15,31,0.5143464673,0.4856535327,1,0.51,1.0,APPROVED,31,0.8568448597716117,0.2692327468070915,0.0162343855227995,0.3880826252297319,0.4739449031096013,0.520828694580324,0.5067304973496655,0.3343509908146899,0.0162857869293044,-0.0976452177733606,-0.45278887097807
2019-02-19,32,0.4864338567,0.5135661433,0,0.51,1.0,APPROVED,32,0.097720305590001,0.1017310541753276,-0.2833477412466921,0.1647356481898754,1.5061372823188095,1.4294500327051491,0.6213857373472206,-0.0309666318879957,0.6951060510412231,0.4021496016233749,-0.4560634128837071
2019-02-20,33,0.5143464673,0.4856535327,1,0.51,1.0,APPROVED,33,0.1143766030732387,-0.0600476156647097,0.0162343855227995,0.2668514765430712,0.8680468103074092,0.1742799001391495,0.1558331105410423,-0.344782193445987,-0.0452429885709254,0.2843938836335934,-0.5499336141786397
2019-02-21,34,0.5589950904,0.4410049096,1,0.51,1.0,APPROVED,34,-0.3192322933001181,-0.3219634527205459,0.4755936465693532,0.0188318930112564,-0.4671872348737274,-1.3287939507471638,-0.7552330023517632,0.0308709771149065,-0.0298845720244522,-0.1346674604384294,-0.5019069995626276
2019-02-22,35,0.5143464673,0.4856535327,1,0.51,1.0,APPROVED,35,0.521119194019703,0.5094645641982734,-0.4622648447340272,0.0991438489695007,1.0361074856506711,0.3426749230167464,0.3217911128442545,0.2906324339542432,-0.0145166694766218,0.5748094874590519,-0.6056008265744718
2019-02-25,36,0.5143464673,0.4856535327,1,0.51,1.0,APPROVED,36,0.0602218630278305,0.2270369937196601,0.137118401587682,-0.5405402658596097,-0.1475697671505312,-0.2531468789396578,-0.1000122721645955,-0.430684681503281,0.354474353410171,0.5808400139339275,-0.4593379547893444
2019-02-26,37,0.5143464673,0.4856535327,1,0.51,1.0,APPROVED,37,-0.1641954810116644,0.031044761920708,-0.098605429738839,0.0128095181613509,-0.0235251590390888,-0.0882224889423161,0.0842978624677073,-0.1798206087977476,0.476506665339403,-0.2067995016965237,-0.4244095077958811
2019-02-27,38,0.5143464673,0.4856535327,1,0.51,1.0,APPROVED,38,-0.011511354736154,-0.0945708668245438,0.6206544658472123,0.4630213950084532,0.2442375287902443,-0.2935569747186147,-0.6338591223393227,-0.2797984013255059,-0.2898772522339208,-0.4811172135512154,-0.4757106643175303
2019-02-28,39,0.5143464673,0.4856535327,1,0.51,1.0,APPROVED,39,-0.2728192224497587,-0.2202153897116273,0.3990337697282611,0.0929957207810288,-0.1948438970518435,-0.3740259258379207,-0.4287514636572427,0.118807792324163,0.0161840116640408,-0.7234667510637096,-0.4669785525691645
2019-03-01,40,0.5589950904,0.4410049096,1,0.51,1.0,APPROVED,40,0.5229634067220711,0.4740297892667812,0.3443481434131949,-0.4302147984910126,-0.3385677355123767,-1.1621567471951748,-1.335329366472513,-0.1807032428401701,-0.0910993853574402,0.0427154035386254,-0.5990517427631974
2019-03-04,41,0.5589950904,0.4410049096,1,0.51,1.0,APPROVED,41,-0.4127168730062796,-0.0340192420100273,-0.4144149217083446,0.255590827604056,-0.455545054880018,-0.8255715333084397,-0.3911355164743916,0.218900091976593,-0.3824957976146573,0.0553379973774974,-0.4833512620973503
2019-03-05,42,0.5143464673,0.4856535327,1,0.51,1.0,APPROVED,42,-0.1542149913238878,0.0090877046658389,0.0162343855227995,-0.0028621734355531,0.4602071835882581,-0.2261231023605227,0.1314871630424912,0.124475509830922,-0.490916255421913,0.5116920401979931,-0.4713446084433473
2019-03-06,43,0.5143464673,0.4856535327,1,0.51,1.0,APPROVED,43,-0.673753767856295,-0.4734171613386261,-0.3371188922053188,-0.0993113145444439,-0.3592545168632466,0.1628236626813941,-0.2220948230327434,-0.2607146237201871,-0.0145547357247192,-0.3221796071936972,-0.3621932115887747
2019-03-07,44,0.502576513,0.497423487,0,0.51,1.0,APPROVED,44,-0.6741364550802603,-0.9697294312306046,-0.2969651106453053,0.1441825767398877,-0.1586221464739755,-0.1375062604707712,-0.2036666418511549,-0.1308982029081488,-1.7561974632347752,-1.018306109806841,-0.269414524262388
2019-03-08,45,0.5143464673,0.4856535327,1,0.51,1.0,APPROVED,45,-0.1990806245992633,-0.1609929768694764,-0.3464176626718483,-0.1767649309092007,-0.3620796479869588,0.865427395014141,1.0139929511836838,0.0375749655655428,0.6547854587421205,-0.4067634378996004,-0.3283562785638571
2019-03-11,46,0.5143464673,0.4856535327,1,0.51,1.0,APPROVED,46,1.1679306673851326,1.5168713359371673,0.3033339236768956,0.2324231522744092,0.0932525755335376,-0.5891148607988487,-0.1104160778627918,0.7490995080570028,0.1559719444253864,0.9897671004900414,-0.5160966811537222
2019-03-12,47,0.5143464673,0.4856535327,1,0.51,1.0,APPROVED,47,0.1927186900574512,0.3661595928268251,-0.3665649986826619,0.0312542118392016,0.5105987493495311,0.4405213164313582,0.4049919114052427,0.2212548438348985,0.6672592451391487,0.2589571981309471,-0.5772214633922829
2019-03-13,48,0.5143464673,0.4856535327,1,0.51,1.0,APPROVED,48,0.4930203925382851,0.5179734514410382,0.1693541392049841,0.4365522449352867,0.0919162632847974,0.7218928504926605,0.0211978185151206,0.2385312535105444,0.6029658880997938,0.0424172715220177,-0.616515966259929
2019-03-14,49,0.5379933473,0.4620066527,1,0.51,1.0,APPROVED,49,-0.1238557280892889,-0.174389420021269,0.3033339236768956,0.1121774736018565,-0.8875649507209471,-0.9870396600973906,-0.8806552215597067,0.0605554100012023,-0.3530107920337782,-0.3115181224111129,-0.6066923405430175
2019-03-15,50,0.5143464673,0.4856535327,1,0.51,1.0,APPROVED,50,0.3304034843893835,0.6508742447186343,-0.4941647934178155,-0.0205543868338231,0.2689750693261198,0.4932603607683453,0.2988541939202122,-0.1829453681363077,0.3400272659064596,0.7669480563226924,-0.6743662065928524
2019-03-18,51,0.5143464673,0.4856535327,1,0.51,1.0,APPROVED,51,0.2935084078459236,-0.0047949713286053,0.3443481434131949,0.1778596807227339,-0.0235251590390888,-0.1295702287690514,0.1788205379380274,-0.2811215063425726,0.1701125531625917,0.5802813450793894,-0.6503528992848465
2019-03-19,52,0.5143464673,0.4856535327,1,0.51,1.0,APPROVED,52,-0.0999902442977267,0.2058595118194091,-0.1273153835542485,-0.0114011995905409,0.2868632355221067,0.3018643451391545,0.051405456035443,-0.1781586075331654,0.2314362091648239,0.0039246447235885,-0.6001432567317431
2019-03-20,53,0.5143464673,0.4856535327,1,0.51,1.0,APPROVED,53,-0.3181897795055221,0.2512061949765972,-1.3618433976168618,0.2449401652179475,-0.1006969952788876,-0.3576865441390699,0.3073471630849276,0.1413197840278167,0.9373078168754012,0.0658123243429835,-0.5619402678326426
2019-03-21,54,0.5143464673,0.4856535327,1,0.51,1.0,APPROVED,54,0.8833062265351052,1.1284282775584742,-0.3665649986826619,0.0505821795757633,-0.3229763017661285,0.3422628303285235,-0.0305514659424606,0.9137718649019289,-0.594658019865149,0.0533133963662807,-0.5925026589519229
2019-03-22,55,0.4813807049,0.5186192951,0,0.51,1.0,APPROVED,55,-1.7120088921432746,-1.6984631063945173,-3.1992804418030767,-0.2693026468303603,-1.266577164016241,0.3003685924165537,-0.1822888145212025,-0.3983691419432711,-1.1023247968820329,-1.6007490817579282,-0.2814211779163909
2019-03-25,56,0.5143464673,0.4856535327,1,0.51,1.0,APPROVED,56,-0.0766017416780577,-0.1901270774621979,1.164632538139184,-0.0591030482961133,0.2445983313239542,0.6535144607432352,0.3467348962686521,0.0481191583863277,0.1550523970641267,0.1063071102323414,-0.297793887444577
2019-03-26,57,0.5143464673,0.4856535327,1,0.51,1.0,APPROVED,57,0.5756213919107077,0.3032227765564936,1.5474319223446458,0.3415217206700792,-0.0037582546784884,-0.539546852872811,-0.3712968002100927,0.3997102688522964,-0.7078167152780976,0.1440644804009251,-0.4778936922546217
2019-03-27,58,0.5143464673,0.4856535327,1,0.51,1.0,APPROVED,58,-0.4028804565908535,-0.5298900988292079,0.0162343855227995,-0.1491242571359443,0.1246746146204299,-0.3422554473207575,-0.465019569902752,-0.1690457694556635,-0.3394579683726957,-0.6025987234930373,-0.4265925357329725
2019-03-28,59,0.5589950904,0.4410049096,1,0.51,1.0,APPROVED,59,0.3119689351922317,0.1263359274652908,-0.4431248755237544,-0.0261142507056383,0.262242515084479,-1.4148458037843998,-0.937966384673008,0.1140548499157907,-0.3556229405793413,0.3371237710215369,-0.5051815414682649
2019-03-29,60,0.5143464673,0.4856535327,1,0.51,1.0,APPROVED,60,0.4851208113646307,0.5223232916740953,-2.854760996018161,0.2557237734916636,1.2216229410291457,0.1824521120817031,0.3212496336448289,-0.0668021808599282,-0.0457359889661422,0.5379703331783211,-0.5837705472035571
2019-04-01,61,0.5143464673,0.4856535327,1,0.51,1.0,APPROVED,61,0.9051684504649944,0.9491195888635526,11.500215911686643,0.430722556038896,-0.2441473084663981,-0.3474786571461346,-0.0647368520745508,-0.0487777372748753,-0.0768185196681946,0.8716363944445107,-0.6176074802284747
2019-04-02,62,0.5143464673,0.4856535327,1,0.51,1.0,APPROVED,62,-0.046340911553412,0.2380479881360853,0.0162343855227995,0.2893113675926642,-0.3894646651204755,0.0737077678740083,0.0231928317575282,0.3489463658396334,-0.1390210059644431,-0.1939650541367238,-0.6219735361026577
2019-04-03,63,0.5143464673,0.4856535327,1,0.51,1.0,APPROVED,63,0.1792431731370886,0.385107116665408,0.7818331539337229,-0.0272757079810301,0.8100694515090793,-0.0420760206714884,0.0254607296261145,-0.0785067302993305,0.4519356237335922,0.3513165222910465,-0.58049600529792
2019-04-04,64,0.4931463911,0.5068536089,0,0.51,1.0,APPROVED,64,0.1149462651481933,-0.0755937393187053,-0.2708651526312963,-0.0949539771901571,-0.758998473625429,-0.0965036464685257,0.0277219451879449,-0.1025400565165931,-0.1853148298729899,0.3118055572775713,-0.5979602287946516
2019-04-05,65,0.5143464673,0.4856535327,1,0.51,1.0,APPROVED,65,0.3870020308080173,0.3418730967606119,-0.3118793723675964,0.2841549259200788,-0.3235422747163027,0.0600407646819391,-0.1638903277629333,0.3473870912883387,-0.0767977527553702,0.3954816508696001,-0.6809152904041268
2019-04-08,66,0.5143464673,0.4856535327,1,0.51,1.0,APPROVED,66,0.0328848442685772,0.1444233293284914,1.164632538139184,0.3746850553632214,0.7062096048518345,0.4203771660112744,0.438456251033798,-0.3106615523194829,0.7311335120812302,-0.0208463423981269,-0.6416207875364808
2019-04-09,67,0.5143464673,0.4856535327,1,0.51,1.0,APPROVED,67,-0.5750971711988822,-0.3109533592603949,0.0162343855227995,-0.1082929336634852,0.0148962556781826,0.3977266957117791,-0.111563772133182,-0.294321812246563,0.000856656717748,-0.1302069031098259,-0.5215542509964509
2019-04-10,68,0.5143464673,0.4856535327,1,0.51,1.0,APPROVED,68,0.3525405439421753,0.3565535154663742,-1.004563972358431,0.1797348830530591,-0.186704862103837,0.3417414917907583,0.0339909141838715,0.4632812333949842,0.1710592921731736,0.2348465957587741,-0.6285226199139319
2019-04-11,69,0.5379933473,0.4620066527,1,0.51,1.0,APPROVED,69,-0.0250244287913549,-0.225333726684912,1.3943121686624609,-0.2740521619398589,-0.7647806941810533,-1.40951218156854,-0.903228919366266,-0.0544792135721649,-0.3237586120891961,-0.6025305467227333,-0.6590850110332124
2019-04-12,70,0.5143464673,0.4856535327,1,0.51,1.0,APPROVED,70,0.4867006665544326,0.2781434065020071,1.164632538139184,0.0922617770717249,1.1275735055110123,0.1009318567526857,-0.0140855557722532,0.232220994953283,0.7132456360136464,0.3711697153755888,-0.7693279218563307
2019-04-15,71,0.5143464673,0.4856535327,1,0.51,1.0,APPROVED,71,-0.1056229559592695,-0.0348155403912973,0.0162343855227995,-0.1284881919962191,-0.233838714276974,-0.2936616564966172,0.0666425603918137,-0.2861853794792767,0.0779749971635996,-0.3005753389886231,-0.7354909888314132
2019-04-16,72,0.5589950904,0.4410049096,1,0.51,1.0,APPROVED,72,0.0050325366973303,0.2119624437874289,0.9732328460364534,0.1868709053805516,-0.1098849794444955,-1.0036815207089644,-0.0191005672294649,-1.2018077112305987,-0.3537307983431495,0.3825957442518855,-0.7507721843910534
2019-04-17,73,0.5143464673,0.4856535327,1,0.51,1.0,APPROVED,73,-0.3110855939335991,0.2151056261206549,-0.2539769445045853,-0.073205250177011,0.6876348399694487,-0.0628566568481736,-0.0647162292993932,-0.4955288703949287,0.2325808288737653,0.1369057334823068,-0.7049285977121329
2019-04-18,74,0.4813807049,0.5186192951,0,0.51,1.0,APPROVED,74,0.0732476891740698,0.0494702757511372,0.0162343855227995,0.0727010633162567,-0.9251174804670788,-0.0559672873463224,0.0365521346442413,0.382378456428201,-1.0173757882899577,-0.057144532542401,-0.760595810107965
2019-04-22,75,0.5143464673,0.4856535327,1,0.51,1.0,APPROVED,75,0.0094702320100705,0.1657104861042218,0.0162343855227995,0.473870525910556,-0.3803837852539075,0.0751215467265443,-0.0141106988306706,-0.5942213719350046,0.4198544033754713,-0.3719650786149369,-0.724575849145956
2019-04-23,76,0.5143464673,0.4856535327,1,0.51,1.0,APPROVED,76,0.7462950752461184,0.9093385145877482,-0.4431248755237542,0.1671638919667769,-0.178826331468589,-0.3246951864469895,-0.584792281922189,0.6747325482484369,-0.4635797625933264,0.1010222140760136,-0.7398570447055962
2019-04-24,77,0.502576513,0.497423487,0,0.51,1.0,APPROVED,77,-0.167835710773071,-0.284012755011123,-0.5579646907853927,-0.1023501536214351,0.2976691041702425,0.3933825827776346,0.3218627240854332,0.3662728394566098,-1.1167692320543328,-0.7504096953542619,-0.6459868434106636
2019-04-25,78,0.4931463911,0.5068536089,0,0.51,1.0,APPROVED,78,-0.1420860179554791,0.2582330834278961,0.526633564463415,-0.1751327052329951,-0.9622883919645512,-0.0146325744573434,-0.02509808897149,-0.1278419759619519,-0.3584671076935922,-0.0948027645380989,-0.6339801897566606
2019-04-26,79,0.5143464673,0.4856535327,1,0.51,1.0,APPROVED,79,0.3997906744335511,0.0201524221866373,-0.4013649427013404,-0.5089320848099427,0.4685750853740513,0.5906773991667519,0.440480382251439,0.3946522867191167,0.2983026223169536,0.1889844901730924,-0.6907389161210383
2019-04-29,80,0.5143464673,0.4856535327,1,0.51,1.0,APPROVED,80,0.0732411531688482,0.0989711751271368,0.2714339749931073,0.0620630237936103,0.1423398154254837,-0.2674884580460633,-0.578767458065851,-0.5312599915040513,0.5478498322968518,0.0898101957878257,-0.6492613853163008
2019-04-30,81,0.5143464673,0.4856535327,1,0.51,1.0,APPROVED,81,0.009174578157664,-0.6295251793521416,-0.4431248755237544,0.1200807299619458,0.1029403542047551,0.2523420945644432,0.0931075832313549,0.4807324421499815,0.4526614793930168,-0.0699263605478718,-0.6481698713477552
2019-05-01,82,0.4931463911,0.5068536089,0,0.51,1.0,APPROVED,82,-0.6527468385574529,-0.2889428238206338,0.3033339236768956,-0.0788863951243346,-1.935670844577413,-0.1376573399523358,-0.9478319069211434,0.0235653077454595,-0.2943879700366403,-0.4261251788166347,-0.4647955246320729
2019-05-02,83,0.5589950904,0.4410049096,1,0.51,1.0,APPROVED,83,-0.1540712708067768,-0.3733006632068033,-0.2389652039475079,-0.4887783644503933,-0.4053268306534461,-0.8689704758264557,-0.1857740784358702,0.0355868149407443,-0.3727168175362753,0.1028949648291785,-0.5062730554368107
2019-05-03,84,0.5143464673,0.4856535327,1,0.51,1.0,APPROVED,84,0.8250995182435152,1.1522008009125158,0.8775329999850878,0.0434752771954199,0.8059854562614344,0.6063456308374324,1.0413263464328104,0.4269302750975667,0.406430651457016,0.6211360185761352,-0.6754577205613983
2019-05-06,85,0.5143464673,0.4856535327,1,0.51,1.0,APPROVED,85,-0.3444432005148009,-0.5072832944647917,-0.8189642709254799,0.0945334071414502,0.2157348507684638,0.1359531187689019,-0.154492020812563,-0.1858429270820093,0.0164194380840098,-1.1311041681671712,-0.3949386306451465
2019-05-07,86,0.4931463911,0.5068536089,0,0.51,1.0,APPROVED,86,-1.398550859369072,-1.5116628761115631,-1.6243344039291785,-0.2338059218552937,-0.8772470980407441,0.0877696862640483,0.0087566515252422,-0.9650573602507004,-0.1236344769473787,-1.0796902227592624,0.0285687891505954
2019-05-08,87,0.5143464673,0.4856535327,1,0.51,1.0,APPROVED,87,-0.1788891197142247,-0.2367081805350695,4.609826995988338,0.2128083213132296,-0.1948813683418694,-0.321971161469729,-0.2663040276303502,-0.0735642820168324,0.0164291726447725,-0.0970845100162727,0.037300900898961
2019-05-09,88,0.5143464673,0.4856535327,1,0.51,1.0,APPROVED,88,-0.262297776523604,-0.4517074985696,-1.5149631512990465,-0.1125049555047453,-0.0639673015452981,0.2249704732211659,-0.2833060890925846,0.1156805369776468,0.358992520907198,-0.873377254361374,0.0045554818425895
2019-05-10,89,0.5143464673,0.4856535327,1,0.51,1.0,APPROVED,89,0.24796591303217,0.046642869391204,2.3130306907555687,-0.0049415261191388,0.0068282417021642,0.1149487223121174,0.0605028611863454,0.5416995394111016,0.2805620925903448,0.3023696290319381,-0.329447792532403
2019-05-13,90,0.5435166986,0.4564833014,1,0.51,1.0,APPROVED,90,-2.069406675830238,-2.656285723121214,-2.854760996018161,-0.1704680831183076,-1.1459960982282391,0.9463170645976804,-0.1011186250988113,-0.0729006141192152,-0.1698005393237633,-1.8200767838357048,0.1628250072817198
2019-05-14,91,0.5143464673,0.4856535327,1,0.51,1.0,APPROVED,91,0.6814613542917692,0.778302770742929,-4.5773582249427385,0.2197908105066469,0.0796545331674047,-0.4060389545344846,0.0547384288442935,0.1743812113626859,-0.2786743059725952,0.7369700615479269,-0.1089619708861663
2019-05-15,92,0.5143464673,0.4856535327,1,0.51,1.0,APPROVED,92,0.422458261157212,1.0150657942483692,-13.764543445873814,0.0748238385454387,0.367840752657761,0.0662738107537889,0.0063074382713738,0.335954588780225,-0.0458066846976821,0.0840405785274788,-0.2857872337905737
2019-05-16,93,0.5589950904,0.4410049096,1,0.51,1.0,APPROVED,93,0.6712051780478328,0.7086931194973892,0.0162343855227995,0.2476293419029645,0.0787552004588788,-0.8196620930578973,-0.8242172541016218,0.1902877482044898,-0.4192258979619046,-0.2825548553794793,-0.4113113401733325
2019-05-17,94,0.5589950904,0.4410049096,1,0.51,1.0,APPROVED,94,-0.5865519601300377,-0.8154126723274404,0.0162343855227995,-0.0243212124204361,-0.2379245923336474,-0.7516838078370196,-0.5716825122791709,-0.1197500616671024,-0.2486826677705315,-0.9938879062250618,-0.3381799042807686
2019-05-20,95,0.5143464673,0.4856535327,1,0.51,1.0,APPROVED,95,-0.5981351613491435,-1.31629557628338,-3.1992804418030767,0.1017940323565214,-0.2694893248710875,0.0747927077452268,0.2149203203745227,-0.7753030662880736,0.1258052322614284,-0.2484885784787498,-0.2999769153816684
2019-05-21,96,0.5143464673,0.4856535327,1,0.51,1.0,APPROVED,96,0.7125985990227747,0.7385923877159264,2.3130306907555687,-0.0242089921029262,-0.2808615715734812,-0.3169636488471315,-0.0769187467558181,0.4286799201249855,-0.0771802525333222,0.6649741230820548,-0.4484228151038872
2019-05-22,97,0.4931463911,0.5068536089,0,0.51,1.0,APPROVED,97,-0.3198495614492591,-0.3819084264490783,-1.7063628434017772,-0.4321168543978524,-0.7990776738480813,0.0336530823910753,-0.0586570198410077,0.1371796097439899,-0.1709014548434567,-0.2864196131394897,-0.4702530944748016
2019-05-23,98,0.5143464673,0.4856535327,1,0.51,1.0,APPROVED,98,-1.0687131926228473,-1.1975404339789746,-16.061339751106583,-0.999124159623368,-0.0130400894234065,0.7360949127035232,0.4860410097408605,0.1008600510506365,0.4853797776078618,-0.7147525797114034,-0.2333945633003788
2019-05-24,99,0.5143464673,0.4856535327,1,0.51,1.0,APPROVED,99,0.1352644781186967,-0.0849188270561837,-1.132163767093585,0.2252437218693015,0.3957995681191315,-0.1581628503692226,-0.1131087600264648,0.1423255736461224,0.3437584156184796,0.0332265315192977,-0.3501865579347717
2019-05-28,100,0.5143464673,0.4856535327,1,0.51,1.0,APPROVED,100,-0.6906218314574714,-0.3297224115198023,6.141024532810184,0.1595305454496935,-0.0859590707060215,-0.4796637833235018,-0.7529069255138624,-0.5358140642986389,-0.6680442722118594,0.1682192243892335,-0.1700867531247268
2019-05-29,101,0.4931463911,0.5068536089,0,0.51,1.0,APPROVED,101,-0.6028774274886498,-0.6654616533281908,0.2250340496348692,-0.0917213594884939,-0.6693914853721264,0.2327182900756483,0.229979654720285,-0.7150780235774745,-0.4520007578383222,0.3290492571850002,-0.1264261943828979
2019-05-30,102,0.5143464673,0.4856535327,1,0.51,1.0,APPROVED,102,0.0966254309332365,0.2691359510096262,0.7818331539337229,-0.6577746713521272,-0.4134324325834378,0.3826168048867907,0.3221913389938246,0.200379818557898,-0.0304562577983681,0.2733114318086491,-0.1919170324956413
2019-05-31,103,0.5143464673,0.4856535327,1,0.51,1.0,APPROVED,103,-1.0609692725497668,-1.2464714871050289,0.7339832309080399,-0.9543550124227586,-0.3206469057072773,1.239727923156973,0.2121657785389987,0.2842954369034041,0.6272274923345991,0.1653298812438547,-0.0380135629306938
2019-06-03,104,0.5143464673,0.4856535327,1,0.51,1.0,APPROVED,104,-0.2135876014077663,-1.7024965848453295,0.7818331539337229,-0.0757599740158271,0.1898301211712489,1.1004991536012043,0.6375393587007967,0.1078472541314999,1.1242863149901177,0.4694987247084665,-0.021640853402508
2019-06-04,105,0.5143464673,0.4856535327,1,0.51,1.0,APPROVED,105,1.7511513363421458,2.0701688177166897,-0.393907811840195,0.082469411790677,0.3803201562571378,0.011169588876043,0.0823146026832996,-0.2530445653903374,0.171392399368244,0.097352510951427,-0.2279369934576504
2019-06-05,106,0.4931463911,0.5068536089,0,0.51,1.0,APPROVED,106,0.5630857219879946,0.5118950296507657,0.0162343855227995,-0.5857835786279126,-0.9942956809102936,0.2896541285319029,-0.0628609562905942,1.073999554856169,-0.4792742353836037,-0.4532947097497249,-0.3239902226896743
2019-06-06,107,0.5143464673,0.4856535327,1,0.51,1.0,APPROVED,107,0.3874209217236123,0.5504433394301068,-0.1834870323235283,0.316309893972773,0.5670045147416943,0.5791506161816729,0.2660284546586761,0.0818642073158836,0.855055160921681,0.0055744264319881,-0.3414544461864059
2019-06-07,108,0.5143464673,0.4856535327,1,0.51,1.0,APPROVED,108,0.7676561905456688,1.4051328709632929,-0.2025081197374641,0.4749004539288695,-0.5122983193624793,0.2009146487688354,0.4001923546733995,0.1761041414962264,0.8972540931217268,0.401679041457824,-0.3010684293502139
2019-06-10,109,0.5589950904,0.4410049096,1,0.51,1.0,APPROVED,109,0.369315454335747,0.8293882785854876,-0.5881856948016132,-0.2314551122891599,0.7053338305585951,-1.114894940504026,-1.078375747558496,-0.1891877836628269,-0.3374162007261266,0.5425101481063827,-0.3403629322178602
2019-06-11,110,0.5143464673,0.4856535327,1,0.51,1.0,APPROVED,110,-0.0919226812265305,0.0556816224333928,-0.3118793723675964,0.0097700552889727,0.1881066049117919,0.0773460871682499,0.1186000152722749,0.1229219343966826,0.2165398568904168,0.5885520877153094,-0.3349053623751315
2019-06-12,111,0.5143464673,0.4856535327,1,0.51,1.0,APPROVED,111,-0.1792439194214702,-0.481536976690925,-0.175165306579931,-0.6971254970340636,-0.3924944252085577,0.328616246900665,0.0917684609085497,0.1578407903091124,-0.5992324306776702,-0.5977960685862876,-0.3436374741234974
2019-06-13,112,0.5143464673,0.4856535327,1,0.51,1.0,APPROVED,112,0.3419721949172431,0.3984022489850389,-0.4013649427013404,0.3987206738427146,0.0295322957230946,0.445712887244842,0.4095577174129929,0.2041571734784291,-0.1689840700594931,-0.1115642068366898,-0.3534610998404088
2019-06-14,113,0.4813807049,0.5186192951,0,0.51,1.0,APPROVED,113,-0.2384289523721974,-0.3667066616601592,0.526633564463415,0.0838795710741108,-0.5960064078022143,0.0237032456773272,-0.1212716359447703,0.0105310453781837,-1.0500920618248084,-0.617996404417116,-0.4124028541418782
2019-06-17,114,0.5143464673,0.4856535327,1,0.51,1.0,APPROVED,114,0.0863524076798996,0.4059045124406427,0.6426333778590096,-0.1878950995669533,0.3406271503672535,-0.1269526249113087,-0.1516779596697194,0.541552868939611,0.1563456161569831,-0.2177485684970538,-0.4047622563620581
2019-06-18,115,0.5143464673,0.4856535327,1,0.51,1.0,APPROVED,115,0.7687464796304075,1.045676755313957,0.3443481434131949,0.6739975813228121,1.178971481662722,0.4826019815495413,0.5481300079659404,-0.0706272589279866,-0.3719841899347728,1.283468623452803,-0.4265925357329725
2019-06-19,116,0.5143464673,0.4856535327,1,0.51,1.0,APPROVED,116,0.229693073127907,0.2354003325754571,-0.1273153835542485,-0.0392387437334754,-0.4923858192127359,-0.165611632155677,0.4634434308853027,0.2645337198696426,0.4990436161303168,0.4293902690202636,-0.5160966811537222
2019-06-20,117,0.5143464673,0.4856535327,1,0.51,1.0,APPROVED,117,0.6835001196371333,0.6522728106617457,-0.2900051218415696,0.952403538808682,0.6383895994869765,3.11708287196649,0.8558683207679317,0.2457645349504445,1.0409622797844071,0.770114881760925,-0.4702530944748016
2019-06-21,118,0.5143464673,0.4856535327,1,0.51,1.0,APPROVED,118,-0.2149867440062145,-0.1584367955750674,-1.5738553642537327,0.2487466982125222,-0.1792933945908775,0.1726367726087709,-0.2725031640222111,-0.7564831533249354,1.173678223724038,-0.1968698658927558,-0.3993046865193294
2019-06-24,119,0.5143464673,0.4856535327,1,0.51,1.0,APPROVED,119,-0.2817435441196527,-0.210438955604176,4.035627919680145,0.1504729324374986,-0.0026984650196623,1.1023860280644724,0.2890238885727996,-0.1985036305440325,0.4607177502338578,-0.0965319303585296,-0.4145858820789696
2019-06-25,120,0.5143464673,0.4856535327,1,0.51,1.0,APPROVED,120,-0.7761568289143914,-1.3377013724715066,0.2250340496348692,-0.014807523891936,0.6010447242600466,0.001956660115613,-0.2569868717885569,-0.792896847341734,-0.4883708916342036,-0.5766537031681327,-0.3032514572873053
2019-06-26,121,0.5143464673,0.4856535327,1,0.51,1.0,APPROVED,121,-0.1360351828393964,0.3027147079434638,-0.3665649986826619,0.478097137954393,-0.476520029249872,-0.2399503437445843,-0.3565452875728039,-1.0645032556027585,0.0315194570590049,0.4896926682581897,-0.3108920550671255
2019-06-27,122,0.5143464673,0.4856535327,1,0.51,1.0,APPROVED,122,0.4182055945772318,0.240389675329967,0.7052732770926303,0.0212829598881299,-0.0442827761297629,-0.0104058066178836,-0.0591007645933066,0.1501533886152666,0.000856656717748,0.3584684686009748,-0.3534610998404088
2019-06-28,123,0.5143464673,0.4856535327,1,0.51,1.0,APPROVED,123,0.502046282084956,0.0498063396712522,-0.1604422533412597,-0.2777764955815827,-0.1688820467178687,0.07038315491286,0.1608754581590644,0.1616302548272365,0.0621714691865497,-0.096179658597021,-0.4342331335127927
2019-07-01,124,0.5262686467,0.4737313533,1,0.51,1.0,APPROVED,124,0.5533353574470314,0.967725885369502,1.164632538139184,0.1930536195860908,-0.5648190578983474,-1.5499284511400635,-0.578591775840406,-0.0426197511380566,-1.3322714747635231,0.62038220747521,-0.5455675583044567
2019-07-02,125,0.5143464673,0.4856535327,1,0.51,1.0,APPROVED,125,0.1331747382254575,0.2510129309818386,0.526633564463415,-0.839256812154708,-0.4859873599950859,1.1459360058051693,0.5415725798478855,0.8921047052104971,-0.0145847774253944,-0.1575260543884957,-0.6689086367501239
2019-07-03,126,0.5143464673,0.4856535327,1,0.51,1.0,APPROVED,126,0.5969639563701339,0.5189273361174211,0.3294338816909046,0.3474452897587727,0.4427655154525722,0.7687495075243478,-0.0616018010934777,0.6056155997496566,-0.1072429604888694,-0.1205022370203555,-0.70820313961777
2019-07-05,127,0.5473549423,0.4526450577,1,0.51,1.0,APPROVED,127,-0.1342711278640877,-0.200132741992056,-0.5349967277330651,0.0586354895159399,-0.4649663508607204,-1.3199120304744008,-1.0234937649244291,-0.2049035146779494,-0.8181198785006703,-0.3952475217951152,-0.6307056478510236
2019-07-08,128,0.5143464673,0.4856535327,1,0.51,1.0,APPROVED,128,-0.4661379621940943,-0.5743342895708228,0.2580024176525644,0.0523618544336972,-0.0764928043047725,-0.0415410625430338,0.0864773807970771,0.1682422198831394,-0.1699221658332281,-0.3475948769261412,-0.5564826979899139
2019-07-09,129,0.4931463911,0.5068536089,0,0.51,1.0,APPROVED,129,0.1030637764149507,0.3295755695345054,-0.2025081197374641,0.0583459616531042,-0.6915456824687366,-0.003931413341594,0.2251408559333589,0.1559372010550676,-0.0923868027469257,-0.1852160938310783,-0.5422930163988197
2019-07-10,130,0.4864338567,0.5135661433,0,0.51,1.0,APPROVED,130,0.2950230190588832,0.7023530936206669,-0.709069710866496,0.7975890719766978,1.4465898675654705,0.7166602297691762,0.4196573218577712,0.2829713360079282,0.6694591823064707,0.435722430107713,-0.6579934970646667
2019-07-11,131,0.5143464673,0.4856535327,1,0.51,1.0,APPROVED,131,0.0950134966846941,-0.1016215549967513,-1.5738553642537327,-0.060506701250945,-0.2431392833402579,-0.3956200479616411,-0.4147778423920937,-0.6992197441700546,0.0473250663896367,-0.1214546593232681,-0.6689086367501239
2019-07-12,132,0.5143464673,0.4856535327,1,0.51,1.0,APPROVED,132,0.3733854492469316,0.3867950216532477,-1.132163767093585,0.0093891775339502,0.1654523417175734,0.3078440001987436,0.2969923702160645,-0.0887839541454177,0.2486221100527297,0.0169522633593061,-0.7278503910515931
2019-07-15,133,0.5143464673,0.4856535327,1,0.51,1.0,APPROVED,133,-0.0499365308806055,0.1939305565579235,5.758225148604724,-0.1776515855077738,0.3113114389948849,0.0455114027687401,0.5158387864394196,-0.0596218180588004,-0.1847036191362076,0.1806050833236158,-0.696196485963767
2019-07-16,134,0.502576513,0.497423487,0,0.51,1.0,APPROVED,134,-0.2789019443710679,-0.4342373338048556,-1.6243344039291785,-0.5724015746571475,-0.3147758019411664,-0.1780682463050144,0.545134708409043,-0.1416353860523191,-0.7266957690911322,-0.0961095973868797,-0.676549234529944
2019-07-17,135,0.5143464673,0.4856535327,1,0.51,1.0,APPROVED,135,-0.5340820373579555,-0.4167780134388725,6.9066233012211065,-0.2500588875138537,0.3215186874788925,0.7171775214358052,1.289036610384497,-0.1947514514822102,0.2029382136362891,-0.1841445331698142,-0.5553911840213682
2019-07-18,136,0.5143464673,0.4856535327,1,0.51,1.0,APPROVED,136,0.2502826895469663,0.0391125024295805,-1.9934623815558736,-0.4521930223509435,-0.1482317139664606,0.260682073814349,1.17093677721932,-0.0186631452673623,0.8237733855304122,0.3067415741662693,-0.6034177986373803
2019-07-19,137,0.502576513,0.497423487,0,0.51,1.0,APPROVED,137,-0.5201899562346783,-0.597932982452195,0.0162343855227995,0.1114718214120094,0.8201119178872656,-0.1213033056445748,-0.4860516318935124,-0.8726293530736523,-0.8645537752598886,-0.2963631991586519,-0.5029985135311735
2019-07-22,138,0.4931463911,0.5068536089,0,0.51,1.0,APPROVED,138,0.1589653477727249,0.5513932277737504,6.9066233012211065,0.1930898652818282,-0.6392197552372398,-0.0229710800496025,0.4828786340998354,-0.0665599164694393,-0.1855139260176777,-0.0082585659279667,-0.6034177986373803
2019-07-23,139,0.502576513,0.497423487,0,0.51,1.0,APPROVED,139,0.5161814213471233,0.445128476784109,-3.428960072326354,0.1786116739921133,-0.4488995471394112,-0.355082427352063,0.1035116649753101,0.5746022467096324,-0.8853513428496986,0.0420778586178698,-0.7038370837435872
2019-07-24,140,0.5143464673,0.4856535327,1,0.51,1.0,APPROVED,140,0.4604140171267,0.4807292688412277,-8.022552682791892,-0.269397732760447,0.1855535119910808,0.082007627231419,0.5757740456808754,0.0228148133914831,-0.1866670438627605,0.0671449133469236,-0.7627788380450563
2019-07-25,141,0.5143464673,0.4856535327,1,0.51,1.0,APPROVED,141,-0.5240601345058122,-0.7597565817506226,-1.361843397616862,0.0505516531199437,-0.2005847924680721,-0.5839078515523867,-0.5957845929509823,-0.3265411634811547,0.1103633156204718,-0.4977353812774169,-0.6896474021524927
2019-07-26,142,0.5143464673,0.4856535327,1,0.51,1.0,APPROVED,142,0.6015421614353302,0.7271281594059744,2.3130306907555687,0.063005847682569,-0.4205535714060149,0.2500747623419364,-0.0639682112641066,0.2195672965461053,-0.2961890496651841,0.0931083371512653,-0.7529552123281448
2019-07-29,143,0.5143464673,0.4856535327,1,0.51,1.0,APPROVED,143,-0.2227442440810013,-0.3049192001382395,1.164632538139184,0.2162453171128159,0.6709456801884172,0.032741058966515,0.1574554332946405,0.1236275345218701,0.2670881841774685,-0.1219258926578192,-0.6798237764355811
2019-07-30,144,0.4931463911,0.5068536089,0,0.51,1.0,APPROVED,144,-0.1336652782833716,-0.3714864049902606,-1.5149631512990465,0.3715752147101745,-0.6679612591466106,0.539310831714748,0.3128033981867764,0.4011389615608291,0.1572245577850073,-0.4385821303818257,-0.5586657259270056
2019-07-31,145,0.502576513,0.497423487,0,0.51,1.0,APPROVED,145,-0.8671821046074313,-1.086854751079097,4.609826995988338,0.1671223680121964,-0.2863858738772783,-0.2562459620757046,-0.9436070142873488,-0.2239613785664687,-1.23334236017339,-0.6842331755637768,-0.320715680784037
2019-08-01,146,0.5143464673,0.4856535327,1,0.51,1.0,APPROVED,146,-0.8196547700799982,-0.4207452493370071,4.2270276117828764,-1.3843041363042037,-0.0340888863413288,-0.355261830909498,0.1939687873593464,-0.0186631452673623,0.1424644782829145,-1.0799795039951503,-0.1297007362885348
2019-08-02,147,0.4931463911,0.5068536089,0,0.51,1.0,APPROVED,147,-0.6893583399768226,-1.154158253368642,0.4215513805638765,0.5642018991235795,-2.009878426230839,1.4902354970137406,-0.4253021240713666,0.2345535162897179,0.3624494931641722,-0.5478422881964946,-0.1580800994707239
2019-08-05,148,0.5435166986,0.4564833014,1,0.51,1.0,APPROVED,148,-2.439281865501823,-2.70382388346569,1.1646325381391835,-0.3001904176481764,-0.6258815013789674,1.1181447715482258,0.5674818304057982,-1.050095338911977,1.4912998008708382,-2.0165754404662004,0.6037966505741933
2019-08-06,149,0.5644706223,0.4355293777,1,0.51,1.0,APPROVED,149,1.007011495106294,1.005628489207287,0.1693541392049841,-0.3345867018401938,0.2753735118216136,0.4320925115945127,0.1291514195949853,0.561222970683303,-0.061366685508288,0.7528457849416972,0.1213474764769823
2019-08-07,150,0.5143464673,0.4856535327,1,0.51,1.0,APPROVED,150,0.0499220020072616,0.3592397505156716,-0.0555404990157244,-0.8269265491532195,0.2737957475766039,2.044810755470435,1.979940910344162,0.4898295475104505,0.000856656717748,0.2243245182733948,0.0471245266158725
2019-08-08,151,0.5143464673,0.4856535327,1,0.51,1.0,APPROVED,151,1.514416825498862,1.5894961356627304,-0.0578558178718061,0.5058746432024589,0.7761214687737231,-0.5941971777197228,-0.5301638611513615,0.9007007501249462,-0.2948097857369546,0.643544028952523,-0.2344860772689247
2019-08-09,152,0.5143464673,0.4856535327,1,0.51,1.0,APPROVED,152,-0.6246615746360852,-0.753891963317198,-0.2900051218415696,0.6628982639221813,-0.4231520769862678,-0.0997270447647863,0.111607961450212,-0.0819653684536074,0.3126134111712202,-0.5700021537177412,-0.1187855966030778
2019-08-12,153,0.5644706223,0.4355293777,1,0.51,1.0,APPROVED,153,-1.030172037688995,-0.9097821239488036,0.8112792604110655,0.1453001584455223,-0.1105484019522189,0.4748731490345467,0.2312772247809664,-0.1569443133311046,0.2186966888920805,-0.6703718196123517,0.2217667615831889
2019-08-13,154,0.5143464673,0.4856535327,1,0.51,1.0,APPROVED,154,1.1085810401697973,1.600844578685003,-0.1806338692114376,0.7016088236674035,0.9570012351190346,-0.2159988417856916,-0.3147581700376533,0.05643754888969,-0.6673881361125074,0.6639874980576611,-0.1679037251876354
2019-08-14,155,0.5435166986,0.4564833014,1,0.51,1.0,APPROVED,155,-2.381566352749401,-2.2940237286385554,0.3751088082154196,-0.5698081626690378,-0.8373579237045106,0.7650659626412832,0.713438900367578,-0.8147437456850503,-0.498356021078704,-1.57622090854936,0.3320096724063075
2019-08-15,156,0.5644706223,0.4355293777,1,0.51,1.0,APPROVED,156,0.1092035321852359,-0.1333523006853933,0.1403855371570035,-0.2356714719920309,0.0416667321362921,0.1789233583398569,0.1180737237803994,0.502679889719692,-0.4997901539172918,0.3412423149918453,0.2315903873001005
2019-08-16,157,0.5143464673,0.4856535327,1,0.51,1.0,APPROVED,157,1.1910455945849228,1.1598914649749636,-0.3960111051600052,0.1356851971954223,-0.0235251590390888,-0.4452981270642872,-0.4658835856186764,0.5207387490211919,-0.2658782345734644,0.7261704107710444,-0.0642098981757915
2019-08-19,158,0.5547499785,0.4452500215,1,0.51,1.0,APPROVED,158,0.8948856488029977,1.1489348253688154,0.1597841545998476,0.4361941655424976,0.1175606447531668,-0.7373283030614103,-0.7153128950717508,0.3602337764931796,-0.1877154180229339,0.1974691252846561,-0.237760619174562
2019-08-20,159,0.5143464673,0.4856535327,1,0.51,1.0,APPROVED,159,-0.6419691222994329,-0.6295519184677529,0.35399854805703,0.0471623595829124,-0.5323301401749276,0.2103806313601316,0.8224502949543614,-0.3891375517117443,0.3469466157599283,0.0878714610297899,-0.1700867531247268
2019-08-21,160,0.5143464673,0.4856535327,1,0.51,1.0,APPROVED,160,0.6337888805984707,0.6206239388280554,-0.0426578274318869,-0.1996684073190748,0.1403396411224598,-0.0352731607655255,-0.1434310427874565,0.1994657049841586,-0.2346460807680806,0.4945246928311472,-0.3556441277775002
2019-08-22,161,0.4931463911,0.5068536089,0,0.51,1.0,APPROVED,161,-0.0866809396864398,-0.2901102395608089,0.0162343855227995,-0.0978228126741878,-0.6335124850165702,-0.461050986995087,-0.2575030027624609,0.2214261548040003,-0.0777504816401542,-0.7194177859881493,-0.2595908985454764
2019-08-23,162,0.4931463911,0.5068536089,0,0.51,1.0,APPROVED,162,-2.127791580585147,-2.426416777899351,0.4393284417498883,-0.3686693202058914,-0.629178857700675,1.68200257466405,1.100054714284143,-0.7527134457068543,1.0074820761516623,-0.8238537558984582,0.0886020574206104
2019-08-26,163,0.5143464673,0.4856535327,1,0.51,1.0,APPROVED,163,0.8199405121978658,1.0887369798245592,0.1183142213109222,-0.1656972101889681,0.2770274965615569,-0.0525187181060781,0.6682313326877565,0.3853239405013871,-0.655947460390911,0.269288205354307,0.0285687891505954
2019-08-27,164,0.5644706223,0.4355293777,1,0.51,1.0,APPROVED,164,-0.379185535200493,-0.2056193875237582,0.1139703985114281,0.4296457964525846,0.0650548196918354,0.8099252431974565,1.4872507850299517,-0.1675662940106982,-0.1875115930457323,0.0753478679069484,0.1366286720366221
2019-08-28,165,0.5143464673,0.4856535327,1,0.51,1.0,APPROVED,165,0.5037452883682274,0.2221238663565055,0.1568545674758263,0.2787570819917956,0.120191292713971,-0.2175068122375318,0.4026824644460583,0.1536383156525275,-0.1877154180229339,0.1300469475744551,0.0318433310562327
2019-08-29,166,0.5143464673,0.4856535327,1,0.51,1.0,APPROVED,166,1.0164239505221755,1.1027058270481034,-0.1162730936252448,0.2998446515325617,0.0977715781830675,-0.4518587488426437,-0.2676520410207886,0.3877791176099328,-0.3295019405497595,0.5810434237907003,-0.1286092223199893
2019-08-30,167,0.4813807049,0.5186192951,0,0.51,1.0,APPROVED,167,0.0059121078559799,-0.2270093353119018,0.0162343855227995,-0.4930965308062791,-0.6066990368869003,-0.465313471711228,0.2737064429674302,0.0210998809716242,-1.181236309770657,0.3985336747744618,-0.0085426857799592
2019-09-03,168,0.5143464673,0.4856535327,1,0.51,1.0,APPROVED,168,-0.6549480035396247,-0.7769251508290677,0.109981173491484,-0.3639843094020422,-0.4793793937403628,1.497447356722231,2.3901422392008684,0.503539946483534,-0.1260943727774517,-0.35644730004373,0.0656802640811501
2019-09-04,169,0.4864338567,0.5135661433,0,0.51,1.0,APPROVED,169,0.8255275964368516,1.0384857238533811,-0.0288008361484313,0.7633005367124488,1.4672869004126832,0.2139074847318607,0.8388903100414714,0.4197010740307068,0.9695639257271638,0.88419398477367,-0.1886424905900043
2019-09-05,170,0.5589950904,0.4410049096,1,0.51,1.0,APPROVED,170,1.0332313316541732,1.330463124992548,-0.4431248755237542,0.0189769581638509,0.9702024973728912,-2.011779755067028,-2.435004990030917,-0.3976529770675788,0.000856656717748,0.5902730020369725,-0.3043429712558512
2019-09-06,171,0.5143464673,0.4856535327,1,0.51,1.0,APPROVED,171,0.0002056678209035,-0.1214473520918959,0.0736542931536185,0.0752265375540839,-0.2166789581550094,-0.6130012238793263,-1.2909471575517075,0.0992314129026073,-0.0938993155918937,0.215608924005559,-0.4429652452611585
2019-09-09,172,0.5143464673,0.4856535327,1,0.51,1.0,APPROVED,172,0.0029155289016265,-0.2039373945850385,-0.4319209911079845,0.4205357234064866,-0.1312020735401906,-0.2969736362734367,-0.4898856561315637,-0.2707266307928777,0.3010804747475489,0.1491817132053599,-0.4134943681104239
2019-09-10,173,0.5143464673,0.4856535327,1,0.51,1.0,APPROVED,173,0.0544322468659418,-0.2632576822740878,-0.6797644948507667,-0.1304115888674311,-0.0235251590390888,-0.7235625159575759,-0.0379648773364314,-0.5590005267121544,-0.0780137387110473,0.018267632916824,-0.421134965890244
2019-09-11,174,0.5143464673,0.4856535327,1,0.51,1.0,APPROVED,174,0.6497076009926295,0.6590462025636912,-0.1834870323235283,-0.4993536330495192,-0.304021355814369,0.1940106081560527,0.2991525025593771,0.038209066626878,-0.5199236429656335,0.356981498360663,-0.4855342900344419
2019-09-12,175,0.5143464673,0.4856535327,1,0.51,1.0,APPROVED,175,0.1620485738587176,0.2656416010497912,-0.5306218776278596,-0.2018499214191524,0.5402748961538804,0.2110043681034775,-0.077853438047622,0.2597082469125533,0.8714253593219972,0.3672918586889702,-0.5281033348077251
2019-09-13,176,0.5143464673,0.4856535327,1,0.51,1.0,APPROVED,176,-0.0974013980357064,-0.3154518720855949,-1.419263305247681,-0.07019265538603,1.2109833805427077,-0.4972130948121583,-1.834518341763549,-0.5781118334805735,0.1268554100766192,0.2874462858939158,-0.58049600529792
2019-09-16,177,0.4813807049,0.5186192951,0,0.51,1.0,APPROVED,177,-0.1785276511029674,-0.3828027407444782,3.4614288433719533,2.5889823015184548,-1.2840800409979305,0.6642425631042066,1.141951458450184,0.438300484828356,-1.1323128414529229,-0.4423401701411552,-0.4789852062231675
2019-09-17,178,0.5143464673,0.4856535327,1,0.51,1.0,APPROVED,178,0.1414296939998815,0.3139375572824022,0.4755936465693532,-0.9894508085360284,-0.2706623703014258,0.0871945923263653,0.4370568923381233,0.5475980385001071,1.1414425901095973,-0.0208463423981269,-0.5040900274997192
2019-09-18,179,0.5143464673,0.4856535327,1,0.51,1.0,APPROVED,179,-0.0653688736863079,-0.0781862086490517,-0.3665649986826619,-0.3582721050731449,-0.3257137452270042,0.0928475931871973,-0.7477592327496514,-0.1979274734436057,-0.6758973491341906,-0.239689236497096,-0.5575742119584598
2019-09-19,180,0.5143464673,0.4856535327,1,0.51,1.0,APPROVED,180,-0.0554812513879666,0.0780256560648934,-0.1368853681593847,0.012522425422893,-0.1211811301004908,-0.5935305133300123,0.0729674045156429,0.1668384726778985,0.1746546878269743,-0.2405805467988968,-0.5466590722730025
2019-09-20,181,0.5143464673,0.4856535327,1,0.51,1.0,APPROVED,181,-0.3960540043392043,-0.8423787901504304,0.5084050223583927,-0.005642120277832,-0.0452641763974586,0.4621817166532009,0.5403044093487803,-0.0186631452673623,-0.3779612599336718,0.0310672587095093,-0.4080367982676952
2019-09-23,182,0.5143464673,0.4856535327,1,0.51,1.0,APPROVED,182,-0.0369324082280788,-0.1651790875662399,0.6917627105912606,0.1730700651212514,0.0743381895670418,0.8958344550115193,1.7779102852101518,0.0653580165744683,-0.3787864963863579,0.0310173537817401,-0.45278887097807
2019-09-24,183,0.5143464673,0.4856535327,1,0.51,1.0,APPROVED,183,-0.7907021442936722,-1.0455540750420438,0.6426333778590096,-0.3986350764002446,-0.1320736153418957,0.4599429008933122,-0.1087807108082,-0.5499443913794414,0.4288876487096345,-0.5907991005850863,-0.2192048817092844
2019-09-25,184,0.5473549423,0.4526450577,1,0.51,1.0,APPROVED,184,0.5004959188913426,0.7970796468725914,-0.9681068881483872,-0.2392506719488005,0.0961086957071538,-1.6099270506533834,-1.8962412807763696,0.0830328405819996,-1.2168335412805908,-0.0601216711662238,-0.3381799042807686
2019-09-26,185,0.4931463911,0.5068536089,0,0.51,1.0,APPROVED,185,-0.292785295552364,-0.3238571634283589,-0.4144149217083446,-0.0184534775036647,-0.7832179486897504,0.1279846292840349,-0.2681320408157356,0.4211649640229798,-0.3495028942526377,-0.033947656130788,-0.3261732506267657
2019-09-27,186,0.5143464673,0.4856535327,1,0.51,1.0,APPROVED,186,-0.5182854846141779,-0.97999302741464,-0.3371188922053188,-0.149502599840532,0.8015597136493033,-0.5474163111902918,-0.8161332793962782,-0.3094386563268778,0.3040494494153564,-0.7153846293567557,-0.2006491442440073
2019-09-30,187,0.5589950904,0.4410049096,1,0.51,1.0,APPROVED,187,0.3710554379486384,0.6686529573639224,1.895431362531429,-0.5726318886314995,-0.4355328916800937,-1.9904997761249723,-1.5764505516341103,0.0713060180411951,-0.6522651947739901,0.2844877690377536,-0.3076175131614885
2019-10-01,188,0.5143464673,0.4856535327,1,0.51,1.0,APPROVED,188,-1.0750245112096628,-0.6602382922017136,-0.3282850602621159,-0.139980628918143,-0.4167244189031581,0.9406682681953004,0.6804243550797876,-0.5126445047115291,0.5445073471611533,-0.4036662808816368,-0.0543862724588799
2019-10-02,189,0.5644706223,0.4355293777,1,0.51,1.0,APPROVED,189,-1.3925304704260035,-1.3398205308973508,0.2864457155501842,-0.3151390088662234,0.1964545088989242,1.0898152082984027,0.91640194064937,-0.2396723657146013,0.4152966703669908,-0.4329921059477312,0.1639165212502653
2019-10-03,190,0.5143464673,0.4856535327,1,0.51,1.0,APPROVED,190,0.6072596550352284,0.7782881295220831,-0.3464176626718483,-0.0570466492109851,-0.3960357591495629,0.3213671097212169,-0.0240954274934008,0.4878297184687031,0.0962697559455001,0.6758169100124795,0.0067385097796809
2019-10-04,191,0.5143464673,0.4856535327,1,0.51,1.0,APPROVED,191,1.071144695420574,1.0602816943881856,0.4468836927539437,0.1272422316008608,0.1749992763553754,-0.0876792409913096,-0.0582322822767356,0.2969748750123841,0.2233653991120178,0.2172320540519639,-0.2202963956778303
2019-10-07,192,0.5143464673,0.4856535327,1,0.51,1.0,APPROVED,192,-0.3594910479767412,-0.2739489728946792,0.0162343855227995,-0.013525933398137,0.2951964068712138,-0.5305152193828345,-0.334953237326874,-0.1307153422650395,-0.1261290620103889,-0.4685742258097945,-0.1307922502570807
2019-10-08,193,0.5644706223,0.4355293777,1,0.51,1.0,APPROVED,193,-1.3214336481849935,-1.1733814792758572,-0.1046496305420831,-0.0335635342340952,-0.2093106649731047,-0.0645703807651851,0.8186430857292059,-0.2937799539711904,-0.2215303964545265,-0.4059275849730928,0.1333541301309852
2019-10-09,194,0.5143464673,0.4856535327,1,0.51,1.0,APPROVED,194,0.6776101329545563,0.6870320861487808,-1.004563972358431,-0.0069074764254371,-0.0344898843603958,0.4863915104902687,-0.021278442352723,0.0829341492004358,0.223527858721338,0.3937514534581644,-0.0456541607105139
2019-10-10,195,0.5143464673,0.4856535327,1,0.51,1.0,APPROVED,195,0.4455494475229781,0.5353615136468893,-2.0508822891866925,0.3276782559809641,0.9744591189541004,-0.6936974941384352,-0.6443605774547833,0.0658372591032751,0.5409395001361318,0.5365831331114684,-0.1624461553449067
2019-10-11,196,0.5589950904,0.4410049096,1,0.51,1.0,APPROVED,196,0.915784222336899,0.9214270146854596,-20.65493236157212,0.3843533661790179,0.28897685459977,-0.7456413723808156,0.0543412299561226,-0.0411602695082391,0.5867780517528599,0.8461563010820351,-0.3796574350855063
2019-10-14,197,0.5143464673,0.4856535327,1,0.51,1.0,APPROVED,197,-0.1619046096875342,-0.054823091348031,0.0162343855227995,-0.3506088115622285,0.1050725441013772,0.4974118295109168,0.3019743001610999,0.0038436520356408,-0.2358830993131,-0.2535618418277751,-0.4899003459086247
2019-10-15,198,0.5589950904,0.4410049096,1,0.51,1.0,APPROVED,198,0.7620184691922925,0.9092139278082142,0.5904334618309918,-0.2496485896300629,-0.4512077252921472,-0.8647778790711683,-0.7090695410796778,0.0488282274552736,0.095681373724796,0.459585611438447,-0.6023262846688346
2019-10-16,199,0.5143464673,0.4856535327,1,0.51,1.0,APPROVED,199,-0.2191039100373298,-0.2334552936159759,-0.2134452450004775,0.1897272980813074,-0.5514448041807942,0.5823985264195435,-0.0619614460302295,-0.0130461065478097,0.6168821261132488,0.133594144103134,-0.5870450891091944
2019-10-17,200,0.5143464673,0.4856535327,1,0.51,1.0,APPROVED,200,0.2554328818513621,0.1516958988824087,0.2714339749931073,0.1944337141529678,0.1504877205918141,0.2183253869388076,0.4022204386422047,0.3239394527450084,0.8350706527612365,0.1844865213548958,-0.5750384354551915
2019-10-18,201,0.5143464673,0.4856535327,1,0.51,1.0,APPROVED,201,-0.357387678352922,-0.7695338690172265,0.0162343855227995,-0.0424761410669485,0.811332614996643,-0.2763796811881233,-0.0141326038995473,0.3830907440384065,0.6587825067005926,-0.3021085743707278,-0.524828792902088
2019-10-21,202,0.5143464673,0.4856535327,1,0.51,1.0,APPROVED,202,0.5256235392302614,0.6198762304133449,0.7052732770926303,-0.1473141646024964,0.2008378291031791,-0.3772903480820932,9.51766226441927e-05,0.3800307334565861,-0.2644450749533816,0.4675162059920809,-0.5521166421157312
2019-10-22,203,0.5143464673,0.4856535327,1,0.51,1.0,APPROVED,203,-0.3222135676798641,-0.6457140610692987,0.0162343855227995,0.2870315379794605,-0.3108473652244679,-0.0767126001549615,-0.1336115999058571,-0.1725387512693584,-0.389887795612972,0.0173627298052086,-0.5019069995626276
2019-10-23,204,0.5143464673,0.4856535327,1,0.51,1.0,APPROVED,204,0.1758340556278823,0.0980584283351045,-0.1604422533412597,0.594528992217923,0.8000764619475434,0.4503896055524102,0.0628547636173539,0.0970838127590401,0.0791811626680654,-0.0081189986965278,-0.5510251281471854
2019-10-24,205,0.5143464673,0.4856535327,1,0.51,1.0,APPROVED,205,0.1609254096015978,0.6845367898381983,-0.3665649986826619,0.0882075427353293,-0.0973190122729726,0.494837608469234,0.7058708323283338,-0.1506535226427745,-0.4062478059261803,-0.0208463423981269,-0.5837705472035571
2019-10-25,206,0.5143464673,0.4856535327,1,0.51,1.0,APPROVED,206,0.318983162218974,0.5535201811087505,0.9349529076159074,0.1410287238139018,0.1348119679535922,-0.0001446427375136,0.6210280978672917,-0.4652567717709038,-0.3758119868114289,0.3608839166899035,-0.6994710278694042
2019-10-28,207,0.5143464673,0.4856535327,1,0.51,1.0,APPROVED,207,0.4371018042381581,0.6948095447218192,1.0005756591939865,-0.2575108475980962,0.1343681150466714,-0.5912521414099902,-0.5502288305770083,-0.3356370619958688,0.3154271002908583,0.2950272521633828,-0.6492613853163008
2019-10-29,208,0.5143464673,0.4856535327,1,0.51,1.0,APPROVED,208,-0.0789907349269213,-0.6292402729849158,0.1310742007844375,-0.0786624205064437,0.1549203306336553,-0.2119648912091197,-0.1290428997607157,0.3002418866015368,0.1892588467063954,-0.297197126780985,-0.6394377595993893
2019-10-30,209,0.5143464673,0.4856535327,1,0.51,1.0,APPROVED,209,0.1941171295623478,0.3174176754482158,-0.5306218776278596,-0.145609277422648,-0.1386252396132583,0.5371826966882532,0.1105201507674034,0.1704090155882481,0.6125025353931073,0.2190490447001747,-0.7343994748628675
2019-10-31,210,0.4931463911,0.5068536089,0,0.51,1.0,APPROVED,210,-0.3223495357094424,-0.0126012484567461,-0.1273153835542485,-0.2747693876442515,-1.0300918421460636,1.025994801714895,0.665353720527594,-0.1128589878699787,0.0164850331628652,-0.448232441731225,-0.6372547316622977
2019-11-01,211,0.5143464673,0.4856535327,1,0.51,1.0,APPROVED,211,0.80771136867708,0.6359761664867416,0.9349529076159068,0.6625150101731127,0.2967503942713383,-0.2322453257217849,0.0407381704543396,-0.0297649870123137,0.2196343073950209,0.7900689786142884,-0.7376740167685045
2019-11-04,212,0.5143464673,0.4856535327,1,0.51,1.0,APPROVED,212,0.26626010207431,0.4180980810830837,0.5630906486734589,0.1129212683128097,0.3586325083410455,-0.0526921549670055,-0.2246813016231171,-0.3851016404532588,-0.592223853590429,0.5159195132005722,-0.6798237764355811
2019-11-05,213,0.5473549423,0.4526450577,1,0.51,1.0,APPROVED,213,-0.1185198240443753,-0.0056198261596829,0.3695876632509176,0.2212082295338725,0.5985680353742653,-1.6265238141726006,-1.3475454110908274,-0.907670219457375,-0.8291592818330805,0.2881525691202387,-0.6503528992848465
2019-11-06,214,0.4931463911,0.5068536089,0,0.51,1.0,APPROVED,214,-0.0394539859730854,-0.2159565537890745,-0.3665649986826619,-0.2641057287491893,-0.7639679237608966,0.5207117365841195,0.1404387440784702,0.095093638015193,-0.1407639511066523,-0.1929003149073525,-0.7027455697750415
2019-11-07,215,0.5589950904,0.4410049096,1,0.51,1.0,APPROVED,215,0.1893726935415899,0.2052383193592407,1.0268247598252178,0.256281962195143,1.2974362381355788,-1.6045645929619814,-1.521567573532399,-0.5408096173617741,-0.2511180777691494,0.3736780448128937,-0.6907389161210383
2019-11-08,216,0.4931463911,0.5068536089,0,0.51,1.0,APPROVED,216,0.1959802668354955,0.2531645938432917,0.2076340776255306,0.0341770516897601,-0.9631488532229638,-0.2447311018146574,-0.8825451390252341,-0.1447823046370051,-0.5038225128446165,-0.5104217503029044,-0.7627788380450563
2019-11-11,217,0.5143464673,0.4856535327,1,0.51,1.0,APPROVED,217,-0.1642984508791319,-0.1478416334415368,0.0162343855227995,-0.1103512733670403,-0.401550621962092,-0.3832053353260106,0.1101916313255957,0.0962675470752983,0.2381120920138763,-0.4037418342672507,-0.6951049719952214
2019-11-12,218,0.5143464673,0.4856535327,1,0.51,1.0,APPROVED,218,0.0819225135633996,0.1700580717240161,-0.3371188922053188,-0.0121019430609403,-0.4146765060913559,-0.2400452666441498,-0.2886902040376998,-0.4143053496813327,-0.3782359398333204,-0.3691594340815415,-0.696196485963767
2019-11-13,219,0.5143464673,0.4856535327,1,0.51,1.0,APPROVED,219,-0.0008022592119876,-0.0283001007339837,-0.1229653905519138,0.1056008278088424,-0.1512721875226206,0.5442591848044468,0.5853599686879108,0.4608788257789551,-0.0308032625736431,-0.4340257177489187,-0.6612680389703038
2019-11-14,220,0.5143464673,0.4856535327,1,0.51,1.0,APPROVED,220,0.0403613679251534,-0.1066325887130884,-0.428306834844833,-0.1013548822066243,-0.4076374119504394,0.5704431087271131,0.137761938701707,0.3878235715378387,0.2383491965644302,0.0170053016274456,-0.6558104691275751
2019-11-15,221,0.5143464673,0.4856535327,1,0.51,1.0,APPROVED,221,0.5756775473915251,0.5055091933053606,0.1999780899414212,0.3009276758960055,0.3309953828629581,-0.3271211142447142,-0.2194569820589602,0.2653892957325594,0.4593840334592943,0.4078381956569477,-0.7649618659821478
2019-11-18,222,0.5143464673,0.4856535327,1,0.51,1.0,APPROVED,222,-0.0058816695791275,0.0123359236923257,-0.2389652039475082,-0.1977886125333688,-0.4078558230116089,0.1679092944443884,0.2206235741052524,0.2356042632209701,0.3320223919932543,-0.1084091686577461,-0.7202097932717729
2019-11-19,223,0.5143464673,0.4856535327,1,0.51,1.0,APPROVED,223,-0.0246476992253753,0.0641272071964229,-0.175165306579931,-0.5610600778154936,0.7611662455818023,0.107818450545537,0.2836088865661748,0.0713060180411951,0.0952959770245507,0.0919174498823962,-0.676549234529944
2019-11-20,224,0.5143464673,0.4856535327,1,0.51,1.0,APPROVED,224,-0.3029417856988045,-0.4980189800125927,-0.6101646068134101,0.6120296249028053,-0.1719462235332275,-0.0412256055045146,-0.0240954274934008,-0.0467302679630527,-0.0778001521554606,-0.2584067106648743,-0.6852813462783098
2019-11-21,225,0.4931463911,0.5068536089,0,0.51,1.0,APPROVED,225,-0.2033109126664759,-0.2143346664235298,0.4468836927539437,0.4593939755494755,-0.5762598800670903,-0.6662751032035068,-0.1609865173704863,-0.7544162655890212,-0.2194818568154197,-0.133872620228665,-0.6470783573792093
2019-11-22,226,0.5143464673,0.4856535327,1,0.51,1.0,APPROVED,226,0.1493284447246466,0.0015080137528271,0.0162343855227995,-0.2368435233853174,0.5024828273914175,-0.0352731607655255,-0.2635829739719073,-0.2123443129824375,-0.5979621314277452,-0.0208463423981269,-0.7333079608943218
2019-11-25,227,0.5143464673,0.4856535327,1,0.51,1.0,APPROVED,227,0.6711337659884081,0.8434314050709274,-0.4673016787367308,0.0795687611655835,-0.0341606941553141,-0.4370025825151777,-0.4114691127212823,0.1471490154094848,-0.1098324078114918,0.5203017863393523,-0.784609117415971
2019-11-26,228,0.5143464673,0.4856535327,1,0.51,1.0,APPROVED,228,0.1543083764378269,0.096638459181433,-0.1368853681593847,0.1277997413515297,0.6147274639130638,0.1695270557735162,0.527494029799551,0.6766888175974693,0.1116160702075443,-0.1828245708887427,-0.8206290783779799
2019-11-27,229,0.5143464673,0.4856535327,1,0.51,1.0,APPROVED,229,0.3187000542989895,0.4785487099810072,0.1802912644679972,-0.0839107953908332,-0.0866352923450018,-0.449929437030808,-0.3546524220447637,0.2288318137277421,-0.3470232603740825,0.0416405813349144,-0.7977072850385196
2019-11-29,230,0.4931463911,0.5068536089,0,0.51,1.0,APPROVED,230,-0.388016532742177,-0.3899922490784001,0.6287134002515383,-0.8838007529784873,-0.7079851718282655,0.7013678823067311,0.1717317445951629,-0.259395006719875,0.3018993414208986,-0.8696853698565407,-0.7027455697750415
2019-12-02,231,0.5143464673,0.4856535327,1,0.51,1.0,APPROVED,231,-0.7540427936065222,-0.8168281112698782,0.4997704497823298,0.2584356440463244,-0.2260592403288323,-0.2328698762384056,-0.370221352622855,-0.8116867747583364,0.9656954269219384,-0.0335288083010669,-0.45278887097807
2019-12-03,232,0.5143464673,0.4856535327,1,0.51,1.0,APPROVED,232,-0.5229159023918496,-0.635888783999133,-0.7826512858625116,0.0504886288663464,-0.5477348275672623,0.9189322658316854,0.7477160097493456,0.3182739969779402,0.0480464822632456,-0.299926196365762,-0.3381799042807686
2019-12-04,233,0.5143464673,0.4856535327,1,0.51,1.0,APPROVED,233,0.4587791648817283,0.3338354010466595,1.088072661298092,0.7372970035990486,0.7539781320341338,-0.284616246752094,-0.9479285035986084,0.1969592921790977,-0.0620460777127024,0.3871987340460712,-0.4647955246320729
2019-12-05,234,0.5143464673,0.4856535327,1,0.51,1.0,APPROVED,234,0.0679841179191903,0.10162260709157,0.4338337137469394,0.0064661877309893,0.0723394676212338,0.1373828698194606,0.3042717481775792,0.0095918389858394,0.4098720628585031,0.2196117831170022,-0.4953579157513534
2019-12-06,235,0.5589950904,0.4410049096,1,0.51,1.0,APPROVED,235,0.7018449522160257,0.7574854930362019,0.4579259826829474,0.2383543775759416,1.3056657503324334,-1.0929430718010549,-1.1723524648817545,0.0886478703478471,-0.6897025230857464,0.2941420389138036,-0.5935941729204688
2019-12-09,236,0.5143464673,0.4856535327,1,0.51,1.0,APPROVED,236,-0.2885599048003384,-0.3880646850940736,-0.1319460212664115,-0.0470363756218374,0.7140497897367127,-0.0232442535231156,0.0657074383400736,0.0827919326796998,0.0638845141280339,-0.233795162729871,-0.349095043966226
2019-12-10,237,0.5143464673,0.4856535327,1,0.51,1.0,APPROVED,237,-0.1131989876544773,-0.1095919056636475,0.0162343855227995,0.072057643085785,0.1610487152663121,0.1631766070663512,0.1524807016399524,-0.3224396016545757,0.4418921520816376,0.1677942518365149,-0.3687422954000491
2019-12-11,238,0.5143464673,0.4856535327,1,0.51,1.0,APPROVED,238,0.1656898438210284,0.3513110992371506,-0.5381647226368342,-0.1361109786200093,0.5283879011457154,0.3727309900286281,0.5688131584906241,-0.5505458908928853,0.5978938887859945,0.7686835593253885,-0.4440567592297041
2019-12-12,239,0.5143464673,0.4856535327,1,0.51,1.0,APPROVED,239,0.6246107912089326,0.5142822723044013,1.2690323701952193,0.1322403098855848,0.1181749515911692,-0.1965251074953974,0.1711237576493064,-0.7274982216685392,0.000856656717748,0.9178651860551938,-0.5586657259270056
2019-12-13,240,0.5143464673,0.4856535327,1,0.51,1.0,APPROVED,240,-0.0556792710749475,0.2006361719571022,-0.5917411070388159,0.271096041842155,-0.2052538365009026,0.4972395179037112,-0.0125872177520351,-0.0070733780078826,-0.1400641188128344,-0.0451268149233754,-0.7016540558064956
2019-12-16,241,0.5143464673,0.4856535327,1,0.51,1.0,APPROVED,241,0.5557290931329886,0.7078955096352325,0.6593373509879749,0.047476605675632,0.7867721828134876,-0.0709563646637208,0.2912748979562537,0.3579209110453298,0.3612789741360181,-0.7010056754152373,-0.7551382402652362
2019-12-17,242,0.5143464673,0.4856535327,1,0.51,1.0,APPROVED,242,0.0177554921063882,-0.0038380428492511,0.0880092700613235,0.2198090043409844,-0.0434953040401688,-0.0590716401653918,-0.1091128474581181,-0.513353893526918,0.0946858163046716,0.4711847561071823,-0.7387655307370504
2019-12-18,243,0.5143464673,0.4856535327,1,0.51,1.0,APPROVED,243,-0.0406168264152623,0.0105010694978218,0.2250340496348692,0.0035786920608518,-0.0734682287105992,-0.1542978356427638,-0.0064756288397593,0.0568291322739088,-0.5618153546384981,0.2717042764058906,-0.7071116256492243
2019-12-19,244,0.5143464673,0.4856535327,1,0.51,1.0,APPROVED,244,0.3273634883486566,0.4231017689566713,-0.0475655118447774,0.0902173053743084,0.2664017180092419,0.2984485556592612,0.1144647818317705,0.4452356811641424,0.1262999000069434,0.003401392411365,-0.7158437373975901
2019-12-20,245,0.5143464673,0.4856535327,1,0.51,1.0,APPROVED,245,0.3603739794529646,0.2561490936730717,-0.0493883660552793,-0.2177283715434118,-0.4313227138680811,-0.2430590657543326,0.3702357892531421,0.2687266857827378,-0.6729157859003517,0.0882194459127303,-0.7147522234290444
2019-12-23,246,0.5143464673,0.4856535327,1,0.51,1.0,APPROVED,246,0.037810017583699,-0.0114381741877515,0.0162343855227995,0.0297572514157297,0.0967006552096314,0.4288915939225413,0.7139505026310254,-0.2816180929645714,0.1581560752027141,0.0517174907573654,-0.7038370837435872
2019-12-24,247,0.5143464673,0.4856535327,1,0.51,1.0,APPROVED,247,-0.0256279487342163,-0.0079050144481734,-0.1188712794908927,0.1780107214744308,0.4063664172739645,0.9473672576250164,0.9562287176788068,0.1192234107483468,0.000856656717748,-0.1416236201037647,-0.6972879999323128
2019-12-26,248,0.5143464673,0.4856535327,1,0.51,1.0,APPROVED,248,0.3339860924311188,0.6165376729103774,0.0162343855227995,0.1705955807906648,0.4924060170622607,0.5618319732664074,0.2639202568820074,0.2105440088758904,0.1422984667687257,0.3665080929699308,-0.6994710278694042
2019-12-27,249,0.4931463911,0.5068536089,0,0.51,1.0,APPROVED,249,-0.0748803559933436,-0.1102611224052652,-0.0555404990157244,0.0178776005804179,-0.574100209244981,0.2263752971563241,-0.3872146744706458,0.1467875720074656,1.2413945944921665,0.1954873130084023,-0.6143329383228375
2019-12-30,250,0.5143464673,0.4856535327,1,0.51,1.0,APPROVED,250,-0.4812196572044592,-0.5397561640341145,0.1644147923120108,-0.0049378295171115,-0.0830976539893973,0.2429888853287675,0.4305265911185465,0.032521845437454,0.343881132540314,-0.3799624503486921,-0.4626124966949815
2019-12-31,251,0.4931463911,0.5068536089,0,0.51,1.0,APPROVED,251,0.2058726809423827,0.0947752325482176,0.2946339376722258,-0.1704107114351537,-0.7490912363663415,0.2247729458731188,-0.238351035536172,0.356326774694948,0.2187161406317537,0.0996611625183397,-0.5761299494237372
